Taşınmaz Tipi,Açıklama,Oda Sayısı,Metre Karesi,Yaş,Kat,Fiyat,Adres,İlan Tarihi
Daire,kale yapı'dan yatırıma uygun anahtar teslim sıfır 2+1 daireler!!,2 + 1,110 m,Sıfır Bina,2. Kat,"339,000","Başakşehir, Bahçeşehir 2. Kısım Mahallesi",10 Ekim 2020
Daire,düden blokların da büyük balkonlu 1+1 tadilatlı daire,1 + 1,94 m,17 Yaşında,17. Kat,"560,000","Başakşehir, Bahçeşehir 1. Kısım Mahallesi",21 Eylül 2020
Daire,beylikdüzü rota'dan bahçeşehir 2 kısımda 2+1 satılık daire,2 + 1,100 m,2 Yaşında,3. Kat,"299,000","Başakşehir, Bahçeşehir 2. Kısım Mahallesi",9 Ekim 2020
Daire,rota'dan bahçeşehir 2 kısımda taşınmaya hazır satılık 3+1 daire,3 + 1,145 m,Sıfır Bina,2. Kat,"399,000","Başakşehir, Bahçeşehir 2. Kısım Mahallesi",7 Ekim 2020
Daire,beylikdüzü rota'dan bahçeşehir butik sitede 2+1 satılık daire...,2 + 1,105 m,Sıfır Bina,3. Kat,"299,000","Başakşehir, Bahçeşehir 2. Kısım Mahallesi",7 Ekim 2020
Daire,rota'dan bahçeşehir'de merkezi lokasyon siteiçi satılık 2+1daire,2 + 1,100 m,Sıfır Bina,4. Kat,"389,000","Başakşehir, Bahçeşehir 2. Kısım Mahallesi",11 Ekim 2020
Daire,bahçeşehir 2. kısımda havuzlu sitede 1+1 lux satılık daire,1 + 1,75 m,Sıfır Bina,8. Kat,"139,500","Başakşehir, Bahçeşehir 2. Kısım Mahallesi",11 Ekim 2020
Residence,başakşehir ayazma konutları satılık 4+1 kısa konut güney cephe,4 + 1,210 m,4 Yaşında,2. Kat,"2,000,000","Başakşehir, İkitelli OSB Mahallesi",10 Ekim 2020
Daire,emlak konut ayazma evleri kulede önü açık sabit taksitli 3+1,3 + 1,172 m,2 Yaşında,16. Kat,"850,000","Başakşehir, Ziya Gökalp Mahallesi",10 Ekim 2020
Residence,beylikdüzü değer'den finansmana özel siteiçi 60 ay vade seçeneği,2 + 1,110 m,Sıfır Bina,11. Kat,"219,000","Başakşehir, Bahçeşehir 2. Kısım Mahallesi",10 Ekim 2020
Daire,3+1 merkezi konumda lüks daireler kale yapı'da!!!,3 + 1,145 m,Sıfır Bina,2. Kat,"459,000","Başakşehir, Bahçeşehir 2. Kısım Mahallesi",10 Ekim 2020
Daire,kiptaş vaditepe 3. bölge ara kat tapulu boş satılık 2+1,2 + 1,121 m,Sıfır Bina,4. Kat,"685,000","Başakşehir, Bahçeşehir 1. Kısım Mahallesi",10 Ekim 2020
Daire,şık ve ferah odaları ile yatırıma uygun fırsat 2+1 lüks daire!!!,2 + 1,115 m,Sıfır Bina,3. Kat,"299,000","Başakşehir, Bahçeşehir 2. Kısım Mahallesi",10 Ekim 2020
Daire,mall of istanbul 1+0 panoramik daire شقة فاخرة للبيع,1 + 1,53 m,5 Yaşında,6. Kat,"500,000","Başakşehir, İkitelli OSB Mahallesi",10 Ekim 2020
Daire,rota'dan bahçeşehir 2. kısım da site içi satılık 3+1 daire,3 + 1,155 m,2 Yaşında,14. Kat,"899,000","Başakşehir, Bahçeşehir 2. Kısım Mahallesi",7 Ekim 2020
Daire,dumankaya modernde kiracılı iskanlı ve havuz cepheli ara kat 3+1,3 + 1,130 m,9 Yaşında,9. Kat,"685,000","Başakşehir, Bahçeşehir 2. Kısım Mahallesi",4 Ekim 2020
Daire,marla gayrimenkul'den park mavera3 sıfır 5+1 satılık daire,5 + 1,225 m,Sıfır Bina,5. Kat,"2,700,000","Başakşehir, Kayabaşı Mahallesi",9 Ekim 2020
Daire,kayabaşı kiptaş konutlarında ismail selçuk'tan satılık daire 3+1,3 + 1,125 m,10 Yaşında,6. Kat,"680,000","Başakşehir, Güvercintepe Mahallesi",6 Ekim 2020
Daire,krediye ve oturuma uygun kapalı otoparkı bulunan fırsat dairee!!,2 + 1,115 m,Sıfır Bina,Yüksek Giriş,"275,000","Başakşehir, Bahçeşehir 2. Kısım Mahallesi",8 Ekim 2020
Daire,acil acil acil...kale yapı acil satılık kelepir komisyon yok!!!!,3 + 1,145 m,Sıfır Bina,4. Kat,"289,000","Başakşehir, Bahçeşehir 2. Kısım Mahallesi",9 Ekim 2020
Daire,huzzak konak residence'ta kaçırılmayacak 3+1,3 + 1,174 m,Sıfır Bina,7. Kat,"1,492,455","Başakşehir, Ziya Gökalp Mahallesi",8 Ekim 2020
Daire,bahçeşehirde %50 peşinat 60ay vade ile siteiçi satılık 2+1 daire,2 + 1,95 m,Sıfır Bina,7. Kat,"420,000","Başakşehir, Bahçeşehir 1. Kısım Mahallesi",9 Ekim 2020
Daire,satılık 2+1 350.000 peşinatla daire,2 + 1,135 m,1 Yaşında,20. Kat,"350,000","Başakşehir, Ziya Gökalp Mahallesi",5 Ekim 2020
Daire,estonşehir 3 muhteşem manzaralı temiz 2+1satılık daire,2 + 1,110 m,10 Yaşında,1. Kat,"1,250,000","Başakşehir, Bahçeşehir 1. Kısım Mahallesi",9 Ekim 2020
Daire,bahçeşehir spradon kule temiz 3+1 satılık daire,3 + 1,150 m,8 Yaşında,11. Kat,"865,000","Başakşehir, Bahçeşehir 2. Kısım Mahallesi",5 Ekim 2020
Daire,ayazma emlak konutları 3+1satılık 178 m2 daire,3 + 1,178 m,1 Yaşında,2. Kat,"700,000","Başakşehir, Ziya Gökalp Mahallesi",5 Ekim 2020
Residence,mall of istanbulda satılık  1+1 residen شقة للبيع - إطلالة مسبح,1 + 1,83 m,5 Yaşında,12. Kat,"950,000","Başakşehir, İkitelli OSB Mahallesi",17 Eylül 2020
Daire,olimpa avm ve nurettin topçu ilkokulu yanında ara kat 2+1,2 + 1,110 m,14 Yaşında,2. Kat,"570,000","Başakşehir, Başakşehir Mahallesi",8 Ekim 2020
Daire,metrokent sarılık 4+1,4 + 1,195 m,10 Yaşında,Bahçe Katı,"1,970,000","Başakşehir, Kayabaşı Mahallesi",5 Ekim 2020
Daire,bahçeşehir 2.kısım mah.boğazköy de satılık 3+1 daire,3 + 1,150 m,15 Yaşında,3. Kat,"500,000","Başakşehir, Bahçeşehir 2. Kısım Mahallesi",22 Eylül 2020
Daire,bahçeşehir kelebekler vadisi satılık 3+1 müstakil bahçeli daire,3 + 1,153 m,10 Yaşında,7. Kat,"1,400,000","Başakşehir, Bahçeşehir 1. Kısım Mahallesi",17 Eylül 2020
Villa,beritlerde kent villa bahçeşehir merkezde satılık 5+1 villa,5 + 1,320 m,15 Yaşında,1. Kat,"1,300,000","Başakşehir, Bahçeşehir 1. Kısım Mahallesi",19 Eylül 2020
Daire,marla gayrimenkul'den evvel istanbul 3+1 satıl daire,3 + 1,155 m,3 Yaşında,2. Kat,"1,200,000","Başakşehir, Kayabaşı Mahallesi",9 Ekim 2020
Daire,boğazköyde merkezi ısıtmalı krediye uygun arakat ve balkonlu 2+1,2 + 1,125 m,20 Yaşında,1. Kat,"365,000","Başakşehir, Bahçeşehir 2. Kısım Mahallesi",18 Eylül 2020
Daire,villalar bölgesinde.. geniş bahçeli sitede.. kısa katlı binada..,3 + 1,165 m,17 Yaşında,11. Kat,"750,000","Başakşehir, Bahçeşehir 2. Kısım Mahallesi",2 Ekim 2020
Residence,başakşehir ayazma konutları 4+1 kısa blok,4 + 1,210 m,4 Yaşında,Bahçe Katı,"1,750,000","Başakşehir, Ziya Gökalp Mahallesi",29 Eylül 2020
Daire,bahçeşehir moxsimoon evlerinde satılık 2+1 sitede,2 + 1,120 m,10 Yaşında,16. Kat,"420,000","Başakşehir, Bahçeşehir 2. Kısım Mahallesi",15 Eylül 2020
Daire,ağaoğlu my world europe'de satılık 3+1 bahçe katı daire,3 + 1,156 m,7 Yaşında,2. Kat,"1,075,000","Başakşehir, Ziya Gökalp Mahallesi",2 Ekim 2020
Daire,ağaoğlu my world europe'de satılık 3+1 daire,3 + 1,169 m,7 Yaşında,10. Kat,"1,250,000","Başakşehir, Ziya Gökalp Mahallesi",23 Eylül 2020
Daire,rota yapı'dan bahçeşehir 2. kısım'da 2+1 acil satılık daire,2 + 1,100 m,Sıfır Bina,15. Kat,"339,000","Başakşehir, Bahçeşehir 2. Kısım Mahallesi",10 Ekim 2020
Daire,başakşehir nidapark zümrüt a blok satılık 2+1 güney cephe,2 + 1,105 m,Sıfır Bina,2. Kat,"860,000","Başakşehir, Kayabaşı Mahallesi",14 Eylül 2020
Daire,bulvar istanbul şehir hastanesi yanı 3+1 teraslı satılık daire,3 + 1,174 m,4 Yaşında,7. Kat,"1,320,000","Başakşehir, Başakşehir Mahallesi",27 Eylül 2020
Daire,bahçeşehir tortum blokları 3+1 full tadilatlı satılık daire,3 + 1,202 m,20 Yaşında,6. Kat,"1,600,000","Başakşehir, Bahçeşehir 2. Kısım Mahallesi",14 Eylül 2020
Residence,loca gölet manzaralı 3+1 büyük 3+1 1.700.000 tl,3 + 1,240 m,4 Yaşında,3. Kat,"1,700,000","Başakşehir, Bahçeşehir 2. Kısım Mahallesi",21 Eylül 2020
Daire,bahçeşehir çınar b tipi 3+1 full tadilatlı site içinde daire,3 + 1,152 m,20 Yaşında,5. Kat,"1,000,000","Başakşehir, Bahçeşehir 1. Kısım Mahallesi",22 Eylül 2020
Daire,kayaşehir 11.bölgede satılık daire,2 + 1,70 m,8 Yaşında,7. Kat,"375,000","Başakşehir, Kayabaşı Mahallesi",15 Eylül 2020
Villa,bahçeşehir konakları c tipi 4+1 dubleks tadilatlı satılık daire,4 + 1,280 m,5 Yaşında,Villa Katı,"4,500,000","Başakşehir, Bahçeşehir 1. Kısım Mahallesi",20 Eylül 2020
Daire,ayazma emlak konutlarında sabit taksitli 3+1vadi cephe devirli,3 + 1,172 m,1 Yaşında,Villa Katı,"750,000","Başakşehir, Ziya Gökalp Mahallesi",5 Ekim 2020
Villa,bahçeşehir merkez de satılık köşe bakımlı a tipi villa,4 + 2,250 m,25 Yaşında,2. Kat,"1,775,000","Başakşehir, Bahçeşehir 1. Kısım Mahallesi",16 Eylül 2020
Daire,bahçeşehir çınar yeni tadilatlı b tipi l salon 150m2 satılık 3+1,3 + 1,204 m,25 Yaşında,Villa Katı,"1,165,000","Başakşehir, Bahçeşehir 1. Kısım Mahallesi",2 Ekim 2020
Villa,bahçeşehir kelebekler vadisi satılık tadilatlı full eşyalı villa,5 + 2,320 m,9 Yaşında,20. Kat,"4,150,000","Başakşehir, Bahçeşehir 1. Kısım Mahallesi",11 Eylül 2020
Daire,mesa nurol kirazlıbahçe de 2+1 120m2 yüksek kat satılık daire,2 + 1,120 m,6 Yaşında,10. Kat,"855,000","Başakşehir, Bahçeşehir 1. Kısım Mahallesi",27 Eylül 2020
Daire,bahçeşehir gül bölgesi full tadilatlı e tipi 3+1 satılık daire,3 + 1,200 m,25 Yaşında,Villa Katı,"1,175,000","Başakşehir, Bahçeşehir 2. Kısım Mahallesi",28 Eylül 2020
Villa,bahçeşehir butik site tamamen yenilenmiş 5+2 satılık villa!,5 + 2,423 m,15 Yaşında,Villa Katı,"2,650,000","Başakşehir, Bahçeşehir 2. Kısım Mahallesi",26 Eylül 2020
Villa,harika manzara.. otopark.. 3 mutfaklı.. sıfır villa.. finansman,5 + 2,360 m,16 Yaşında,Bahçe Katı,"2,000,000","Başakşehir, Bahçeşehir 2. Kısım Mahallesi",2 Ekim 2020
Daire,bahçeşehir mabeyn 4+1 sıfır bahçe katı satılık daire,4 + 1,200 m,Sıfır Bina,3. Kat,"1,750,000","Başakşehir, Bahçeşehir 1. Kısım Mahallesi",7 Ekim 2020
Daire,anahtar teslim krediye uygun geniş kullanımlı lüks 2+1 dairee!!,2 + 1,110 m,Sıfır Bina,10. Kat,"265,000","Başakşehir, Bahçeşehir 2. Kısım Mahallesi",3 Ekim 2020
Daire,başakşehir kayaşehir satılık 3+1 daire 20 bölge boş tapulu,3 + 1,118 m,8 Yaşında,5. Kat,"695,000","Başakşehir, Kayabaşı Mahallesi",5 Ekim 2020
Daire,bulvar istanbul - göl etabı peyzaj manzaralı satılık 3+1 daire,3 + 1,165 m,4 Yaşında,11. Kat,"1,159,000","Başakşehir, Başakşehir Mahallesi",5 Ekim 2020
Daire,istanbul başakşehirde 2+1 satılık 11 inci kat,2 + 1,128 m,2 Yaşında,Ara Kat,"680,000","Başakşehir, Ziya Gökalp Mahallesi",2 Ekim 2020
Villa,bahcesehir 2.kısımda müstakil bahçeli villa,4 + 2,350 m,8 Yaşında,12. Kat,"2,150,000","Başakşehir, Bahçeşehir 2. Kısım Mahallesi",18 Eylül 2020
Daire,bahçeşehir mesa nurol kirazlıbahçe sitesi satılık 3+1,3 + 1,180 m,9 Yaşında,8. Kat,"1,000,000","Başakşehir, Bahçeşehir 1. Kısım Mahallesi",20 Eylül 2020
Daire,kayaşehir merkez avm karşısı satılık daire full tadilatlı,2 + 1,77 m,8 Yaşında,Bahçe Katı,"475,000","Başakşehir, Kayabaşı Mahallesi",15 Eylül 2020
Daire,ağaoğlu my world europe'de satılık 2+1 bahçe katı daire,2 + 1,137 m,7 Yaşında,Yüksek Giriş,"800,000","Başakşehir, Ziya Gökalp Mahallesi",22 Eylül 2020
Daire,bahçeşehir güllerde merkezde a tipi 4+1 satılık daire.,4 + 1,197 m,18 Yaşında,3. Kat,"920,000","Başakşehir, Bahçeşehir 2. Kısım Mahallesi",26 Eylül 2020
Daire,ayazma emlak konut 2 de 95m2 2+1 güney batı cephe köşe daire,2 + 1,95 m,1 Yaşında,Bahçe Katı,"610,000","Başakşehir, Ziya Gökalp Mahallesi",26 Eylül 2020
Daire,kayaşehir 19.bölgede satılık kelepir daire,1 + 1,68 m,5 Yaşında,2. Kat,"300,000","Başakşehir, Başakşehir Mahallesi",27 Eylül 2020
Daire,başakşehir altınşehir mah. satılık 2+1 daire,2 + 1,115 m,2 Yaşında,Villa Katı,"365,000","Başakşehir, Altınşehir Mahallesi",14 Eylül 2020
Villa,bahçeşehir estonşehir 1.mah. cd ikiz dubleks 4+1 satılık villa,4 + 1,210 m,15 Yaşında,Villa Katı,"3,600,000","Başakşehir, Bahçeşehir 1. Kısım Mahallesi",17 Eylül 2020
Daire,sahibinden 5.etap tarabya sitesinde arakat 90 m2 güneybatı cephe,2 + 1,90 m,8 Yaşında,7. Kat,"650,000","Başakşehir, Başak Mahallesi",24 Ağustos 2020
Villa,geniş bahçeli.. b tipi.. köşe.. ferah villa... finansman,4 + 2,360 m,15 Yaşında,Villa Katı,"1,250,000","Başakşehir, Bahçeşehir 2. Kısım Mahallesi",7 Ağustos 2020
Daire,başakşehir onurkent olimpa a.v.m yakın satılık 3+1 bakımlı daire,3 + 1,135 m,14 Yaşında,6. Kat,"570,000","Başakşehir, Başakşehir Mahallesi",5 Ekim 2020
Daire,bahçeşehir tam merkez defne tadilatlı 3+1 satılık daire,3 + 1,140 m,24 Yaşında,5. Kat,"965,000","Başakşehir, Bahçeşehir 1. Kısım Mahallesi",1 Ekim 2020
Daire,bahçeşehir park hillpark gölet manzaralı 3+1 satılık daire,3 + 1,160 m,9 Yaşında,8. Kat,"1,750,000","Başakşehir, Bahçeşehir 2. Kısım Mahallesi",5 Ağustos 2020
Villa,bahçeşehir estonşehir 5 te satılık villa,4 + 1,195 m,7 Yaşında,Villa Katı,"3,325,000","Başakşehir, Bahçeşehir 1. Kısım Mahallesi",26 Eylül 2020
Villa,butik sitede.. geniş bahçeli.. havuza cephe villa.. finansman,5 + 2,420 m,15 Yaşında,Villa Katı,"2,600,000","Başakşehir, Bahçeşehir 2. Kısım Mahallesi",17 Ağustos 2020
Villa,müstakil bahçe.. kapalı garaj.. havuz.. triplex villa- finansman,6 + 1,340 m,15 Yaşında,Villa Katı,"3,000,000","Başakşehir, Bahçeşehir 2. Kısım Mahallesi",11 Ağustos 2020
Daire,bahçeşehir kelebekler vadisi satılık 3+1 bahçe dubleksi,3 + 1,176 m,10 Yaşında,Villa Katı,"1,250,000","Başakşehir, Bahçeşehir 1. Kısım Mahallesi",31 Ağustos 2020
Villa,elit sitede- müstakil bahçeli- manzaralı- ferah- bakımlı villa,5 + 2,420 m,15 Yaşında,Villa Katı,"3,500,000","Başakşehir, Bahçeşehir 2. Kısım Mahallesi",7 Ağustos 2020
Daire,bahçeşehir şelale düden blokları 4+1 dubleks satılık daire,4 + 1,215 m,20 Yaşında,18. Kat,"1,500,000","Başakşehir, Bahçeşehir 2. Kısım Mahallesi",22 Ağustos 2020
Villa,şömine.. 3 mutfak.. güvenlik.. havuz.. garaj- bahçeli köşe villa,5 + 2,360 m,15 Yaşında,Villa Katı,"1,850,000","Başakşehir, Bahçeşehir 2. Kısım Mahallesi",26 Ağustos 2020
Villa,müstakil bahçe.. şömine.. panjur.. triplex villa.. finansman,5 + 1,320 m,15 Yaşında,Villa Katı,"1,920,000","Başakşehir, Bahçeşehir 2. Kısım Mahallesi",4 Ağustos 2020
Daire,ağaoğlu my world 2+1 satılık 135 m2 peyzaj cephe,2 + 1,137 m,7 Yaşında,3. Kat,"890,000","Başakşehir, Ziya Gökalp Mahallesi",8 Ekim 2020
Villa,geniş ve müstakil bahçe.. butik sitede.. havuzlu.. dublex villa,3 + 1,204 m,15 Yaşında,Villa Katı,"3,000,000","Başakşehir, Bahçeşehir 2. Kısım Mahallesi",7 Ağustos 2020
Daire,tual bahçekent'te mustakil bahçeli tapusu hazır ve kiracılı 1+1.,1 + 1,105 m,1 Yaşında,Giriş Katı,"530,000","Başakşehir, Bahçeşehir 2. Kısım Mahallesi",7 Eylül 2020
Villa,kapalı garajlı sitede.. havuza cephe.. bahçeli villa.. finansman,4 + 2,360 m,15 Yaşında,Villa Katı,"1,650,000","Başakşehir, Bahçeşehir 2. Kısım Mahallesi",20 Ağustos 2020
Daire,bahçeşehir mercedes karşısı bahçekent sitesi satılık 2+1 daire,2 + 1,105 m,2 Yaşında,5. Kat,"525,000","Başakşehir, Bahçeşehir 2. Kısım Mahallesi",21 Ağustos 2020
Daire,emek emlaktan 13.bölgede 2+1 satlık ara kat daire 68 m²,2 + 1,70 m,7 Yaşında,2. Kat,"355,000","Başakşehir, Kayabaşı Mahallesi",30 Eylül 2020
Daire,başakşehir ağaoğlu my world europa'da satılık 4+1 daire,4 + 1,203 m,8 Yaşında,7. Kat,"1,325,000","Başakşehir, Ziya Gökalp Mahallesi",11 Ağustos 2020
Daire,butik sitede.. kısa katlı.. havuzlu.. güvenlikli.. eşsiz manzara,2 + 1,108 m,15 Yaşında,3. Kat,"575,000","Başakşehir, Bahçeşehir 2. Kısım Mahallesi",7 Ağustos 2020
Residence,başakşehir huzzak towers teraslı 2+1 satılık daire,2 + 1,160 m,3 Yaşında,1. Kat,"650,000","Başakşehir, Ziya Gökalp Mahallesi",14 Ağustos 2020
Daire,bahçekent avrupark'da tapulu vadi cephe 113 m2 satılık 2+1 daire,2 + 1,113 m,Sıfır Bina,9. Kat,"615,500","Başakşehir, Bahçeşehir 2. Kısım Mahallesi",23 Ağustos 2020
Villa,bahçeşehirin en prestijli yeriflamingo yolunda muhteşem villa,6 + 2,400 m,20 Yaşında,Villa Katı,"6,750,000","Başakşehir, Bahçeşehir 1. Kısım Mahallesi",26 Eylül 2020
Daire,nissa residence 2+1 extralı uygun fıyata satılık daire,2 + 1,128 m,5 Yaşında,Villa Katı,"650,000","Başakşehir, Bahçeşehir 1. Kısım Mahallesi",9 Ekim 2020
Villa,iyi konumda.. müstakil girişli.. ferah.. sıfır.. bahçeli villa..,7 + 2,400 m,15 Yaşında,7. Kat,"1,500,000","Başakşehir, Bahçeşehir 2. Kısım Mahallesi",29 Ağustos 2020
Villa,havuz.. güvenlik.. fitness.. bahçeli.. bakımlı villa.. finansman,4 + 2,360 m,15 Yaşında,4. Kat,"1,800,000","Başakşehir, Bahçeşehir 2. Kısım Mahallesi",17 Ağustos 2020
Daire,bahçeşehir ıspartakule ılgaz blokarı 4+2 dubleks satılık daire,4 + 2,420 m,16 Yaşında,Villa Katı,"1,400,000","Başakşehir, Bahçeşehir 1. Kısım Mahallesi",15 Ağustos 2020
Villa,bahçeşehir 2.kısımda havuzlu otoparklı muhteşem yeşillik içinde,5 + 2,360 m,11 Yaşında,9. Kat,"1,780,000","Başakşehir, Bahçeşehir 2. Kısım Mahallesi",20 Ağustos 2020
Villa,butik sitede.. müstakil bahçeli.. dublex villa.. finansman'dan,4 + 1,204 m,15 Yaşında,Villa Katı,"2,650,000","Başakşehir, Bahçeşehir 2. Kısım Mahallesi",7 Ağustos 2020
Daire,başakşehir 1 etap 'da satılık 2+1 daire meydan ve peyzaja cephe,2 + 1,68 m,24 Yaşında,8. Kat,"425,000","Başakşehir, Başakşehir Mahallesi",9 Temmuz 2020
Villa,sıfır.. lüx.. eşsiz manzaralı.. ferah.. triplex 5+1 terasev,5 + 1,350 m,17 Yaşında,11. Kat,"1,450,000","Başakşehir, Bahçeşehir 2. Kısım Mahallesi",29 Ağustos 2020
Daire,bahçeşehir'de akzirve strada'dan 2+1 hemen teslim,2 + 1,125 m,Sıfır Bina,6. Kat,"695,000","Başakşehir, Bahçeşehir 2. Kısım Mahallesi",22 Mayıs 2020
Daire,bahçeşehir konakları 2.etap üst katlarda satılık 4+1,4 + 1,240 m,3 Yaşında,11. Kat,"1,450,000","Başakşehir, Bahçeşehir 1. Kısım Mahallesi",24 Eylül 2020
Daire,bulvar istanbul göl etabı kısa katlarda üç cepheli satılık 4+1,4 + 1,191 m,3 Yaşında,5. Kat,"1,700,000","Başakşehir, Başakşehir Mahallesi",16 Eylül 2020
Daire,bahçeşehir mabeyn projesi 4+1 sıfır manzaralı satılık daire,4 + 1,234 m,Sıfır Bina,5. Kat,"1,500,000","Başakşehir, Bahçeşehir 1. Kısım Mahallesi",9 Ekim 2020
Daire,başakşehir avrupa konutları 3.etap boş oturuma hazır 3+1 daire,3 + 1,170 m,2 Yaşında,7. Kat,"1,690,000","Başakşehir, Kayabaşı Mahallesi",4 Ekim 2020
Daire,bahçeşehir'de gül sitesi'nde 3+1 satılık daire,3 + 1,178 m,18 Yaşında,2. Kat,"900,000","Başakşehir, Bahçeşehir 2. Kısım Mahallesi",5 Ekim 2020
Daire,mall of istanbul 2+1 eşyalı satılık daire 120 m2 للبيع,2 + 1,120 m,5 Yaşında,6. Kat,"1,450,000","Başakşehir, İkitelli OSB Mahallesi",8 Ekim 2020
Daire,değer yapı'dan luks site içinde satılık 2+1fırsatları,2 + 1,110 m,Sıfır Bina,5. Kat,"369,900","Başakşehir, Bahçeşehir 2. Kısım Mahallesi",5 Ekim 2020
Residence,beylikdüzü değer'den 50 peşin kalanı 0 faiz 60 ay elden ödeme,2 + 1,110 m,Sıfır Bina,9. Kat,"214,000","Başakşehir, Bahçeşehir 2. Kısım Mahallesi",4 Ekim 2020
Daire,rota'dan yüzde 50 peşinat kalanı elden ödeme 2+1site içi daire,2 + 1,105 m,Sıfır Bina,8. Kat,"189,000","Başakşehir, Bahçeşehir 2. Kısım Mahallesi",7 Ekim 2020
Daire,ziya gökalp metro rezidans satılık 2+1 daire,2 + 1,110 m,4 Yaşında,5. Kat,"675,000","Başakşehir, Ziya Gökalp Mahallesi",7 Ekim 2020
Villa,bahçeşehir asmalı evlerde 4+1 köşe dubleks satılık villa,4 + 1,180 m,10 Yaşında,Villa Katı,"2,550,000","Başakşehir, Bahçeşehir 1. Kısım Mahallesi",9 Ekim 2020
Daire,bahçeşehir gül adası a tipi manzaralı 4+1 satılık daire,4 + 1,180 m,20 Yaşında,5. Kat,"1,300,000","Başakşehir, Bahçeşehir 2. Kısım Mahallesi",9 Ekim 2020
Daire,hayatpark plus satılık 4+1 daire arakat 240 m2 süper konum,4 + 1,240 m,5 Yaşında,7. Kat,"2,490,000","Başakşehir, Ziya Gökalp Mahallesi",4 Ekim 2020
Daire,"mall of istanbul eşyalı satılık 1,5+1 residence daire",2 + 1,85 m,10 Yaşında,19. Kat,"970,000","Başakşehir, Başakşehir Mahallesi",4 Ekim 2020
Daire,ağaoğlu my world europe'de satılık 2+1 daire,2 + 1,122 m,7 Yaşında,4. Kat,"860,000","Başakşehir, Ziya Gökalp Mahallesi",2 Ekim 2020
Villa,mimar dekorlu.. güvenlikli.. müstakil bahçeli villa.. finansman,5 + 2,360 m,15 Yaşında,Villa Katı,"2,500,000","Başakşehir, Bahçeşehir 2. Kısım Mahallesi",17 Ağustos 2020
Daire,ağaoğlu my world europe'de satılık 2+1 daire,2 + 1,115 m,7 Yaşında,Villa Katı,"850,000","Başakşehir, Ziya Gökalp Mahallesi",23 Eylül 2020
Daire,başakşehir'in en iyi lokasyonunda satılık kira getirili daire,2 + 1,115 m,2 Yaşında,Villa Katı,"660,000","Başakşehir, Ziya Gökalp Mahallesi",3 Temmuz 2020
Villa,"green house'dan, bahçeşehir çınar villaları, a tipi, 4+1 240m2",4 + 1,240 m,26 Yaşında,9. Kat,"2,900,000","Başakşehir, Bahçeşehir 1. Kısım Mahallesi",15 Ağustos 2020
Villa,havuzlu sitede - şömineli - ferah- bahçeli köşe villa- finansman,4 + 2,360 m,15 Yaşında,2. Kat,"1,650,000","Başakşehir, Bahçeşehir 2. Kısım Mahallesi",4 Ağustos 2020
Daire,bahçeşehir vaditepe ön cephe manzara penthouse 3+1 satılık daire,3 + 1,165 m,5 Yaşında,1. Kat,"1,050,000","Başakşehir, Bahçeşehir 1. Kısım Mahallesi",19 Ağustos 2020
Daire,kayaşehir 13 bölge satılık 2 kat 2+1 amerikan mutfak 69m2,2 + 1,75 m,4 Yaşında,En Üst Kat,"395,000","Başakşehir, Kayabaşı Mahallesi",17 Ağustos 2020
Daire,re/max experts 'ten güvercintepe fatih caddesinde 2+1 daire,2 + 1,100 m,3 Yaşında,Villa Katı,"380,000","Başakşehir, Güvercintepe Mahallesi",8 Eylül 2020
Daire,kayaşehir 13. bölge dy tipi 68 m2 satılık 2+1 daire,2 + 1,68 m,10 Yaşında,Yüksek Giriş,"370,000","Başakşehir, Kayabaşı Mahallesi",16 Ağustos 2020
Daire,bahçeşehir asmalı sokaklar da satılık şahane 3+1 bahçeli daire,3 + 1,125 m,6 Yaşında,10. Kat,"1,950,000","Başakşehir, Bahçeşehir 1. Kısım Mahallesi",23 Eylül 2020
Daire,marla gayrimenkul'den park mavera 3 lüx proje satılık 2+1 daire,2 + 1,132 m,Sıfır Bina,6. Kat,"1,499,999","Başakşehir, Kayabaşı Mahallesi",4 Ekim 2020
Villa,bahçeşehir1. köşe bahçeli merkezi satılık villa,4 + 2,450 m,20 Yaşında,Giriş Katı,"2,650,000","Başakşehir, Bahçeşehir 1. Kısım Mahallesi",9 Ekim 2020
Daire,oyakkent 1 ---2+1--- satılık daire,2 + 1,112 m,12 Yaşında,7. Kat,"800,000","Başakşehir, Başakşehir Mahallesi",8 Ekim 2020
Residence,oturumluk & yatırımlık lüks rezidans - huzzak loca,3 + 1,175 m,Sıfır Bina,7. Kat,"1,357,000","Başakşehir, Ziya Gökalp Mahallesi",5 Ekim 2020
Residence,beylikdüzü değer'den finansmana özel siteiçi 60 ay vade seçeneği,2 + 1,95 m,Sıfır Bina,10. Kat,"199,900","Başakşehir, Bahçeşehir 2. Kısım Mahallesi",6 Ekim 2020
Daire,esenyurt dumankaya satılık modern vadide 1+1 daire,1 + 1,66 m,Sıfır Bina,5. Kat,"349,000","Başakşehir, Bahçeşehir 2. Kısım Mahallesi",9 Ekim 2020
Daire,keypoint&mall of istanbul 79m2 full eşyalı 1+1 for sale,1 + 1,79 m,5 Yaşında,21 ve üzeri,"800,000","Başakşehir, İkitelli OSB Mahallesi",10 Ekim 2020
Daire,ağaoğlu my world europe'de satılık 3+1 daire,3 + 1,169 m,7 Yaşında,Villa Katı,"1,250,000","Başakşehir, Ziya Gökalp Mahallesi",23 Eylül 2020
Villa,bahçeşehir kelebekler vadisi satılık müstakil bakımlı 5+2 villa,5 + 2,324 m,11 Yaşında,5. Kat,"3,450,000","Başakşehir, Bahçeşehir 1. Kısım Mahallesi",11 Eylül 2020
Daire,marla gayrimenkul'den nida zümrüt 2+1 115m2 satılık daire,2 + 1,115 m,1 Yaşında,8. Kat,"950,000","Başakşehir, Kayabaşı Mahallesi",6 Ekim 2020
Daire,başakşehir onurkentde satılık 3 +1 daire metro karşısı,3 + 1,130 m,15 Yaşında,3. Kat,"710,000","Başakşehir, Başakşehir Mahallesi",23 Eylül 2020
Daire,kayaşehir 21.bölgede acil satılık daire,3 + 1,136 m,8 Yaşında,2. Kat,"680,000","Başakşehir, Kayabaşı Mahallesi",25 Ağustos 2020
Daire,bahçeşehir düdenlerde güney cephe manzaralı 4+1 satılık daire,4 + 1,202 m,20 Yaşında,9. Kat,"1,400,000","Başakşehir, Bahçeşehir 2. Kısım Mahallesi",20 Ağustos 2020
Daire,başakşehir'in en merkezi noktasında rezidans - huzzak loca,2 + 1,146 m,Sıfır Bina,5. Kat,"1,070,000","Başakşehir, Başak Mahallesi",25 Eylül 2020
Daire,bahçekent emlak konutta ankasre mutfaklı klimalı ve kiracılı 2+1,2 + 1,115 m,5 Yaşında,Giriş Katı,"430,000","Başakşehir, Bahçeşehir 2. Kısım Mahallesi",16 Ağustos 2020
Daire,polat emlak'dan...ak zirve strada - satılık 3+1 daire,3 + 1,167 m,5 Yaşında,9. Kat,"875,000","Başakşehir, Bahçeşehir 2. Kısım Mahallesi",6 Ağustos 2020
Daire,n tepe evlerinde güvenlikli spor salonlu ve kapalı otoparklı 1+1,1 + 1,68 m,15 Yaşında,10. Kat,"210,000","Başakşehir, Bahçeşehir 2. Kısım Mahallesi",3 Eylül 2020
Daire,marla gayrimenkul bulvar istanbulda kepelir daire,3 + 1,165 m,5 Yaşında,4. Kat,"995,000","Başakşehir, Kayabaşı Mahallesi",1 Ekim 2020
Daire,başakşehir 1.etapta merkezi lokasyonda 200 m2 4+1 sıfır daire,4 + 1,200 m,5 Yaşında,6. Kat,"1,390,000","Başakşehir, Başakşehir Mahallesi",28 Eylül 2020
Daire,mimar yapıdan merkezi konumda kredili 2+1 balkonlu lüx yapı,2 + 1,100 m,1 Yaşında,Bodrum ve Zemin,"198,000","Başakşehir, Güvercintepe Mahallesi",24 Ağustos 2020
Daire,düden blokları gölet manzaralı 3+1 full tadilatlı daire,3 + 1,160 m,25 Yaşında,13. Kat,"1,350,000","Başakşehir, Bahçeşehir 2. Kısım Mahallesi",1 Ekim 2020
Daire,park mavera 1 satılık 4+1 daire peyzaj man süper konum 1899.000,4 + 1,209 m,5 Yaşında,10. Kat,"1,899,999","Başakşehir, Kayabaşı Mahallesi",11 Eylül 2020
Daire,bahçeşehir merkezde a tipi 4+1 satılık manzaralı daire,4 + 1,202 m,20 Yaşında,6. Kat,"1,400,000","Başakşehir, Bahçeşehir 2. Kısım Mahallesi",19 Ağustos 2020
Daire,bahçeşehir konakları 3.etap ... özel tasarım 4+1 daire ...,4 + 1,250 m,3 Yaşında,4. Kat,"2,200,000","Başakşehir, Bahçeşehir 1. Kısım Mahallesi",7 Ağustos 2020
Daire,bahçetepe' de peyzaj satılık 3+1 daire bşk.şehir hastanesi yanı,3 + 1,148 m,5 Yaşında,13. Kat,"1,270,000","Başakşehir, Başakşehir Mahallesi",25 Ağustos 2020
Daire,bahçeşehir mesa nurol erguvanlıbahçe 4+1 satılık daire,4 + 1,180 m,12 Yaşında,3. Kat,"1,300,000","Başakşehir, Bahçeşehir 1. Kısım Mahallesi",18 Ağustos 2020
Daire,kayaşehir 10.bölge satılık 2+1 85 m2 ara kat tapulu daire,2 + 1,85 m,8 Yaşında,7. Kat,"485,000","Başakşehir, Kayabaşı Mahallesi",19 Eylül 2020
Villa,bahçeşehir satılık villa konut iş yerine uygun,10 + 1,600 m,22 Yaşında,Villa Katı,"16,000,000","Başakşehir, Bahçeşehir 1. Kısım Mahallesi",5 Ağustos 2020
Daire,başakşehir onurkent olimpa a.v.m yakın satılık 2+1 ara kat daire,2 + 1,112 m,14 Yaşında,3. Kat,"598,000","Başakşehir, Başakşehir Mahallesi",2 Ekim 2020
Daire,sky bahçeşehir de 2+1 satılık sıfır daire,2 + 1,127 m,Sıfır Bina,10. Kat,"488,000","Başakşehir, Bahçeşehir 1. Kısım Mahallesi",23 Ağustos 2020
Villa,a tipi.. bakımlı.. çift cepheli.. bahçeli villa... finansman,4 + 2,360 m,15 Yaşında,Villa Katı,"1,750,000","Başakşehir, Bahçeşehir 2. Kısım Mahallesi",27 Ağustos 2020
Daire,evvel istanbul projesi satılık 3+1 daire,3 + 1,173 m,3 Yaşında,4. Kat,"1,300,000","Başakşehir, Kayabaşı Mahallesi",5 Ekim 2020
Daire,sahibinden satılık avrupa konutları başakşehir 2+1 daire,2 + 1,133 m,2 Yaşında,13. Kat,"1,391,000","Başakşehir, Kayabaşı Mahallesi",28 Ağustos 2020
Daire,sahibinden 7. 85 m2 475.000 bu fiyata müşterisi olan arasın ..,2 + 1,85 m,9 Yaşında,4. Kat,"475,000","Başakşehir, Kayabaşı Mahallesi",19 Ağustos 2020
Daire,ağaoğlu my world europe tadilatlı boş büyük balkonlu 3+1 daire,3 + 1,159 m,8 Yaşında,21 ve üzeri,"1,150,000","Başakşehir, Ziya Gökalp Mahallesi",8 Eylül 2020
Villa,özel tasarım.. ultra lüx.. geniş bahçeli.. havuzlu triplex villa,5 + 1,320 m,15 Yaşında,Villa Katı,"4,000,000","Başakşehir, Bahçeşehir 2. Kısım Mahallesi",26 Ağustos 2020
Daire,kayaşehir merkezde satılık daire uygun fiyata,2 + 1,76 m,8 Yaşında,3. Kat,"429,000","Başakşehir, Kayabaşı Mahallesi",24 Eylül 2020
Residence,mall of istanbul - 1+1 - vatandalığa uygun satılık daire,1 + 1,83 m,5 Yaşında,21 ve üzeri,"950,000","Başakşehir, İkitelli OSB Mahallesi",17 Eylül 2020
Daire,bahceşehir bahçekent emlak konutlarında 2 odalı giriş kat,2 + 1,110 m,4 Yaşında,Yüksek Giriş,"495,000","Başakşehir, Bahçeşehir 2. Kısım Mahallesi",5 Ekim 2020
Villa,"emin'den,bahçeşehir,müstakil,bahçeli,kapalı garajlı,eşyalı",4 + 2,300 m,17 Yaşında,Villa Katı,"3,200,000","Başakşehir, Bahçeşehir 1. Kısım Mahallesi",31 Ağustos 2020
Daire,başakşehir onurkent satılık 3+1 n2 tip geniş ara kat boş daire,3 + 1,130 m,14 Yaşında,2. Kat,"765,000","Başakşehir, Başakşehir Mahallesi",17 Eylül 2020
Daire,ağaoğlu my world europe'de satılık 2+1 daire,2 + 1,115 m,7 Yaşında,21 ve üzeri,"800,000","Başakşehir, Ziya Gökalp Mahallesi",1 Ekim 2020
Daire,park mavera 3 de satılık 125m² 2+1 tapulu daire,2 + 1,125 m,Sıfır Bina,5. Kat,"1,100,000","Başakşehir, Kayabaşı Mahallesi",3 Temmuz 2020
Daire,"kayaşehir de satılık 3+1 daire 118m2- 680,000tl",3 + 1,118 m,9 Yaşında,9. Kat,"680,000","Başakşehir, Kayabaşı Mahallesi",22 Eylül 2020
Daire,bahçeşehir suitesde satılık 2+1 123 m2 daire باهشي شهير شقة للبي,2 + 1,124 m,Sıfır Bina,8. Kat,"710,000","Başakşehir, Bahçeşehir 2. Kısım Mahallesi",23 Eylül 2020
Daire,başakşehir kayaşehir 19. bölge önü açık en büyük satılık 3+1,3 + 1,198 m,3 Yaşında,15. Kat,"950,000","Başakşehir, Kayabaşı Mahallesi",20 Eylül 2020
Daire,marla gayrimenkul kayaşehir 15 bölgede kiralık 2+1 85m2 boşdaire,1 + 1,61 m,Sıfır Bina,5. Kat,"539,000","Başakşehir, Kayabaşı Mahallesi",9 Ekim 2020
Daire,ağaoğlu my world europe'de satılık 1+1 eşyalı daire,1 + 1,75 m,7 Yaşında,19. Kat,"500,000","Başakşehir, Ziya Gökalp Mahallesi",1 Ekim 2020
Daire,başakşehir safir evleri satılık 3+1 210m2 site içi daire,3 + 1,210 m,5 Yaşında,Yüksek Giriş,"1,850,000","Başakşehir, Başak Mahallesi",13 Temmuz 2020
Daire,ayazma emlak konutlarında en buyuk 3+1vadi cephe 194m2 sabit tak,3 + 1,194 m,1 Yaşında,3. Kat,"990,000","Başakşehir, Ziya Gökalp Mahallesi",5 Ekim 2020
Villa,bahçaşehir banu evleri lapis tip 6+2 satılık villa,6 + 2,455 m,10 Yaşında,7. Kat,"5,000,000","Başakşehir, Bahçeşehir 2. Kısım Mahallesi",25 Ağustos 2020
Daire,başakşehir 2. etap onurkent satılık dublex daire,5 + 1,300 m,11 Yaşında,11. Kat,"1,730,000","Başakşehir, Başakşehir Mahallesi",28 Ağustos 2020
Daire,bulvar istanbul - orman manzaralı 2+1 144m2 satılık arakat da,2 + 1,144 m,4 Yaşında,Villa Katı,"950,000","Başakşehir, Başakşehir Mahallesi",15 Eylül 2020
Daire,başakşehir bulvar istanbul satılık 3+1 daire boş ve tapusu hazır,3 + 1,170 m,4 Yaşında,7. Kat,"1,260,000","Başakşehir, Kayabaşı Mahallesi",18 Eylül 2020
Daire,başakşehir kayaşehir satılık 3+1 daire 20.bölge de boş ve tapulu,3 + 1,118 m,7 Yaşında,10. Kat,"695,000","Başakşehir, Kayabaşı Mahallesi",18 Eylül 2020
Villa,fenertepe villalarında ormana sıfır konumda doğa manzaralı,5 + 3,320 m,510 Yaşında,Villa Katı,"2,390,000","Başakşehir, Kayabaşı Mahallesi",10 Eylül 2020
Daire,bahçeşehir hill park evlerinde 2+1 satılık,2 + 1,125 m,8 Yaşında,14. Kat,"980,000","Başakşehir, Bahçeşehir 2. Kısım Mahallesi",15 Ağustos 2020
Daire,maximoon sitesi satılık 1+1,1 + 1,65 m,5 Yaşında,11. Kat,"170,000","Başakşehir, Bahçeşehir 1. Kısım Mahallesi",22 Eylül 2020
Residence,"bahçeşehir merkez 3+1kiptaştan %10 peşin,180 ay vade son 10 gün",3 + 1,165 m,Sıfır Bina,12. Kat,"1,000,000","Başakşehir, Bahçeşehir 2. Kısım Mahallesi",27 Ağustos 2020
Daire,"emlakkonut ev sahibi olun. 3+1,885.000tl",3 + 1,170 m,Sıfır Bina,Villa Katı,"885,000","Başakşehir, Bahçeşehir 2. Kısım Mahallesi",20 Ağustos 2020
Villa,satılık vila,5 + 3,460 m,14 Yaşında,Villa Katı,"1,950,000","Başakşehir, Bahçeşehir 2. Kısım Mahallesi",23 Eylül 2020
Villa,havuz.. güvenlik.. 3 mutfaklı.. lüx.. sıfır villa.. finansman,5 + 2,360 m,15 Yaşında,8. Kat,"2,700,000","Başakşehir, Bahçeşehir 2. Kısım Mahallesi",21 Ağustos 2020
Villa,gerçek müstakil.. 500 m2 bahçe içinde.. dublex.. çelik villa,4 + 1,220 m,15 Yaşında,Yüksek Giriş,"3,000,000","Başakşehir, Bahçeşehir 2. Kısım Mahallesi",6 Ağustos 2020
Daire,kayaşehirde satılık 85m2 daire,2 + 1,85 m,8 Yaşında,7. Kat,"459,000","Başakşehir, Kayabaşı Mahallesi",13 Eylül 2020
Daire,toki 15. bölge metro ve vadinin hemen dibinde,2 + 1,85 m,9 Yaşında,9. Kat,"472,000","Başakşehir, Kayabaşı Mahallesi",8 Eylül 2020
Daire,bahçeşehir spradon quartzda akik blokta havuz ve vadiyi göre 1+1,1 + 1,75 m,10 Yaşında,13. Kat,"398,000","Başakşehir, Bahçeşehir 1. Kısım Mahallesi",30 Ağustos 2020
Daire,boğazköyde içi özel yapılmış mantolamalı arakat ve balkonlu 3+1.,3 + 1,160 m,20 Yaşında,1. Kat,"550,000","Başakşehir, Bahçeşehir 2. Kısım Mahallesi",28 Ağustos 2020
Daire,bahçeşehir manavgat havuzlu site ful manzaralı 2+1 satılık daire,2 + 1,150 m,19 Yaşında,3. Kat,"915,000","Başakşehir, Bahçeşehir 2. Kısım Mahallesi",1 Ekim 2020
Daire,başakşehir 3.istanbul da satılık 108m2 2+1 teraslı daire,2 + 1,108 m,1 Yaşında,8. Kat,"980,000","Başakşehir, Başakşehir Mahallesi",7 Eylül 2020
Daire,polat emlak'dan...bahçeşehir 2.kısım boğazköy'de satılık daire,2 + 1,110 m,15 Yaşında,1. Kat,"425,000","Başakşehir, Bahçeşehir 2. Kısım Mahallesi",23 Eylül 2020
Daire,park mavera2 satılık 4+1 شقة للبيع فرصة,4 + 1,208 m,2 Yaşında,10. Kat,"2,180,000","Başakşehir, Kayabaşı Mahallesi",3 Ekim 2020
Daire,avrupa konutlar satılık 3+1 daire,3 + 1,178 m,1 Yaşında,9. Kat,"1,699,000","Başakşehir, Kayabaşı Mahallesi",1 Ekim 2020
Daire,başakşehir 4.etap 3+1 6. kat 127m2 satılık,3 + 1,140 m,15 Yaşında,7. Kat,"765,000","Başakşehir, Başakşehir Mahallesi",5 Ekim 2020
Daire,başakşehir bulvar istanbul 3+1 174m2 satılık arakat daire,3 + 1,170 m,4 Yaşında,4. Kat,"1,260,000","Başakşehir, Başakşehir Mahallesi",15 Eylül 2020
Daire,başakşehir 2. kısımda site içerisinde 3+1 satılık daire...,3 + 1,130 m,25 Yaşında,10. Kat,"850,000","Başakşehir, Başakşehir Mahallesi",11 Eylül 2020
Daire,kayaşehir de satılık 3+1 tapulu ve boş daire (toki 20.bölge de),3 + 1,118 m,7 Yaşında,12. Kat,"695,000","Başakşehir, Kayabaşı Mahallesi",22 Eylül 2020
Daire,kayaşehir 7.bölge satılık 2+1 75 m2 tapulu daire,2 + 1,75 m,9 Yaşında,Villa Katı,"400,000","Başakşehir, Kayabaşı Mahallesi",15 Eylül 2020
Villa,satılık villa,5 + 3,360 m,12 Yaşında,7. Kat,"2,650","Başakşehir, Bahçeşehir 1. Kısım Mahallesi",23 Eylül 2020
Villa,güvenlikli sitede.. garajlı.. satılık bahçeli villa... finansman,4 + 2,360 m,15 Yaşında,Villa Katı,"1,800,000","Başakşehir, Bahçeşehir 2. Kısım Mahallesi",7 Ağustos 2020
Daire,"kayaşehir de park mavera3 te satılık 3+1daire 186m2 -1,650,000tl",3 + 1,186 m,Sıfır Bina,2. Kat,"1,650,000","Başakşehir, Kayabaşı Mahallesi",21 Eylül 2020
Villa,bahçeşehir 2.kısım da müstakil girişli ikiz villa,4 + 2,360 m,15 Yaşında,14. Kat,"7,500,000","Başakşehir, Bahçeşehir 2. Kısım Mahallesi",21 Eylül 2020
Daire,başakşehir bulvar istanbul 'da satılık 2+1 daire ( açık mutfak ),2 + 1,112 m,4 Yaşında,Yüksek Giriş,"800,000","Başakşehir, Başakşehir Mahallesi",19 Ağustos 2020
Daire,bahçeşehir spradon residance 2+1 satılık daire,2 + 1,100 m,12 Yaşında,Villa Katı,"500,000","Başakşehir, Bahçeşehir 2. Kısım Mahallesi",13 Eylül 2020
Daire,kiracı ay sonu çıkıyor.. deprem sonrası yeni binada iskanlı 3+1.,3 + 1,160 m,15 Yaşında,Kot 1,"483,000","Başakşehir, Bahçeşehir 2. Kısım Mahallesi",7 Eylül 2020
Villa,bahçeşehir 2.kısım boğazköy'de satılık villa...polat emlak'dan,7 + 2,450 m,15 Yaşında,7. Kat,"3,400,000","Başakşehir, Bahçeşehir 2. Kısım Mahallesi",17 Ağustos 2020
Daire,avrupa konutları büyük 3+1 peyzaj manzaralı satılık daire,3 + 1,174 m,3 Yaşında,2. Kat,"1,550,000","Başakşehir, Kayabaşı Mahallesi",29 Ağustos 2020
Daire,bahçeşehir rota yapı'dan geniş m2'de 3+1 satılık daire,3 + 1,140 m,Sıfır Bina,3. Kat,"384,000","Başakşehir, Bahçeşehir 2. Kısım Mahallesi",10 Ekim 2020
Daire,emlak konut başakşehir evleri2 satılık 3+1 üç cepheli daire,3 + 1,145 m,2 Yaşında,Villa Katı,"1,200,000","Başakşehir, Kayabaşı Mahallesi",16 Ağustos 2020
Villa,bahçeşehir de badem villarında satılık müstakil havuzlu villa,7 + 2,380 m,10 Yaşında,3. Kat,"3,100,000","Başakşehir, Bahçeşehir 1. Kısım Mahallesi",28 Eylül 2020
Daire,bahçeşehir başakkent göl evlerinde satılık 2+1,2 + 1,106 m,Sıfır Bina,En Üst Kat,"520,000","Başakşehir, Bahçeşehir 2. Kısım Mahallesi",21 Eylül 2020
Daire,polat emlak'dan...bahçeşehir 2.kısım boğazköy'de dublex daire,3 + 1,160 m,15 Yaşında,3. Kat,"750,000","Başakşehir, Bahçeşehir 2. Kısım Mahallesi",13 Eylül 2020
Daire,park mavera 1 de güncel peyzaj cephe 3+1 tapulu daire,3 + 1,181 m,3 Yaşında,2. Kat,"1,599,000","Başakşehir, Kayabaşı Mahallesi",17 Eylül 2020
Daire,bulvar istanbul sitesinde 2+1 evebeyin banyolu satılık daire,2 + 1,136 m,4 Yaşında,6. Kat,"905,000","Başakşehir, Kayabaşı Mahallesi",17 Eylül 2020
Villa,boğazköyde havuzlu 3 mutfaklı geniş bahçeli içi sıfır ikiz villa,5 + 2,380 m,20 Yaşında,3. Kat,"2,750,000","Başakşehir, Bahçeşehir 2. Kısım Mahallesi",21 Ağustos 2020
Daire,kayaşehir 14 bölgede acil satılık daire 1+1,1 + 1,50 m,7 Yaşında,15. Kat,"270,000","Başakşehir, Kayabaşı Mahallesi",8 Ağustos 2020
Daire,bahçeşehir funda bloklarında a tipi full tadilatlı emsalsiz 4+1,4 + 1,185 m,19 Yaşında,Yüksek Giriş,"2,000,000","Başakşehir, Bahçeşehir 1. Kısım Mahallesi",29 Ağustos 2020
Daire,toki 18.bölgede kelepir borçsuz daire,3 + 1,124 m,5 Yaşında,7. Kat,"745,000","Başakşehir, Kayabaşı Mahallesi",25 Ağustos 2020
Daire,bahçeşehir'de full manzaralı sıfır 1+1,1 + 1,86 m,2 Yaşında,Kot 1,"260,000","Başakşehir, Bahçeşehir 1. Kısım Mahallesi",2 Eylül 2020
Daire,güvercintepe 'de 2+1 yüksek giriş daire,2 + 1,90 m,3 Yaşında,Villa Katı,"260,000","Başakşehir, Güvercintepe Mahallesi",8 Eylül 2020
Daire,sahibinden bahçeşehir-merkezde deniz manzaralı muhteşem a tipi,3 + 1,202 m,21 Yaşında,7. Kat,"1,600,000","Başakşehir, Bahçeşehir 2. Kısım Mahallesi",20 Eylül 2020
Daire,kayaşehir 1.bölge acil satılık 2+1 75 m2 tapulu daire,2 + 1,75 m,8 Yaşında,3. Kat,"408,000","Başakşehir, Kayabaşı Mahallesi",9 Eylül 2020
Daire,mimar yapıdan iskanlı 1+1 yüksek giriş,1 + 1,85 m,2 Yaşında,10. Kat,"185,000","Başakşehir, Güvercintepe Mahallesi",24 Ağustos 2020
Daire,kayaşehir 7.bölgece satılık 2+1 daire,2 + 1,75 m,10 Yaşında,2. Kat,"485,000","Başakşehir, Kayabaşı Mahallesi",5 Ekim 2020
Daire,kayaşehir merkez 7.bölge de_acil_satılık 75m² 2+1 tapulu daire,2 + 1,75 m,10 Yaşında,Bahçe Katı,"430,000","Başakşehir, Kayabaşı Mahallesi",19 Ağustos 2020
Daire,ayazma emlak konutları satılık 4+1 daire bahçe katı borçsuz,4 + 1,200 m,1 Yaşında,Villa Katı,"1,280,000","Başakşehir, Ziya Gökalp Mahallesi",16 Haziran 2020
Villa,otoparklı.. güvenlikli sitede.. bahçeli lüx villa.. finansman,5 + 2,360 m,17 Yaşında,Bahçe Katı,"1,550,000","Başakşehir, Bahçeşehir 2. Kısım Mahallesi",7 Ağustos 2020
Daire,armina evleri bahçe katı,2 + 1,100 m,13 Yaşında,Villa Katı,"780,000","Başakşehir, Bahçeşehir 1. Kısım Mahallesi",7 Ekim 2020
Daire,mimar yapıdan 2+1krediye uygun ara kat daire,2 + 1,115 m,Sıfır Bina,2. Kat,"348,000","Başakşehir, Güvercintepe Mahallesi",31 Ağustos 2020
Villa,butik sitede.. havuz.. çift mutfak.. bahçeli.. harika manzaralı,5 + 2,360 m,15 Yaşında,Bahçe Katı,"1,950,000","Başakşehir, Bahçeşehir 2. Kısım Mahallesi",17 Ağustos 2020
Daire,emlakkonut avrupark hayat 2+1 bankasız faizsiz!!,2 + 1,140 m,Sıfır Bina,5. Kat,"225,000","Başakşehir, Bahçeşehir 2. Kısım Mahallesi",8 Ekim 2020
Daire,kayaşehir 6.bölge' de 3+1 satılık,3 + 1,118 m,10 Yaşında,4. Kat,"605,000","Başakşehir, Kayabaşı Mahallesi",9 Ağustos 2020
Daire,boğazköyde altı 2+1 ve üstü 2+1 olan 4 teraslı şömineli dubleks.,4 + 2,300 m,20 Yaşında,Yüksek Giriş,"850,000","Başakşehir, Bahçeşehir 2. Kısım Mahallesi",29 Ağustos 2020
Daire,bahçeşehir akzirve stradada güney cephe tapulu krediye uygun 1+1,1 + 1,75 m,1 Yaşında,1. Kat,"435,000","Başakşehir, Bahçeşehir 2. Kısım Mahallesi",18 Temmuz 2020
Daire,boğazköyde 2+1'den 3+1 yapılmış olan 2 balkonlu yüksek giriş 3+1,3 + 1,125 m,20 Yaşında,4. Kat,"359,900","Başakşehir, Bahçeşehir 2. Kısım Mahallesi",6 Ağustos 2020
Daire,bahçeşehir 2.kısım rota yapı'dan kaçırılmayacak satılık 2+1daire,2 + 1,100 m,Sıfır Bina,15. Kat,"289,999","Başakşehir, Bahçeşehir 2. Kısım Mahallesi",26 Eylül 2020
Residence,günyüzü emlaktan bahçeşehir vadi istanbul evlerinde 4+1 satılık,4 + 1,245 m,3 Yaşında,Yüksek Giriş,"2,200,000","Başakşehir, Bahçeşehir 2. Kısım Mahallesi",1 Eylül 2020
Daire,bahçeşehir boğazköy krediye uygun 2+1 yüksek giriş satılık daire,2 + 1,100 m,20 Yaşında,Yüksek Giriş,"340,000","Başakşehir, Bahçeşehir 2. Kısım Mahallesi",24 Eylül 2020
Daire,başakşehir başak mah.metrokent konutları'nda 4+1 satılık daire,4 + 1,198 m,7 Yaşında,13. Kat,"2,300,000","Başakşehir, Başak Mahallesi",2 Ekim 2020
Daire,kayaşehir 12.bölge de satılık 1+1 tapulu daire güney cephe,1 + 1,50 m,10 Yaşında,8. Kat,"310,000","Başakşehir, Kayabaşı Mahallesi",17 Temmuz 2020
Daire,bahçeşehir akzirve strada'da manzaralı tapulu krediye uygun 3+1.,3 + 1,140 m,1 Yaşında,2. Kat,"950,000","Başakşehir, Bahçeşehir 2. Kısım Mahallesi",12 Ağustos 2020
Daire,rota'dan yüzde elli peşinat kalanı elden taksit site içi daire,1 + 1,90 m,Sıfır Bina,4. Kat,"159,000","Başakşehir, Bahçeşehir 2. Kısım Mahallesi",2 Ekim 2020
Daire,değer'den bahçeşehir bölgesine komşu sıfır 3+1 fırsatı,3 + 1,145 m,Sıfır Bina,6. Kat,"330,000","Başakşehir, Bahçeşehir 2. Kısım Mahallesi",3 Ekim 2020
Daire,huzzak loft başakşehir çok yakında,3 + 1,101 m,Sıfır Bina,Çatı Katı,"5,000,000","Başakşehir, Başak Mahallesi",3 Eylül 2020
Villa,geniş ve müstakil bahçeli.. ultra lüx villa... finansman,4 + 2,400 m,15 Yaşında,Villa Katı,"2,250,000","Başakşehir, Bahçeşehir 2. Kısım Mahallesi",9 Ağustos 2020
Villa,geniş bahçeli - cadde üzeri - ferah - köşe lüx villa - finansman,5 + 2,360 m,15 Yaşında,Villa Katı,"1,650,000","Başakşehir, Bahçeşehir 2. Kısım Mahallesi",17 Ağustos 2020
Daire,bahçeşehir boğazköy'de krediye uygun 3+1 ara kat satılık daire,3 + 1,150 m,20 Yaşında,1. Kat,"390,000","Başakşehir, Bahçeşehir 2. Kısım Mahallesi",24 Eylül 2020
Daire,bulvar istanbul 4+1 vatandaşlığa uygun فرصه الحصول على الجنسية,4 + 1,200 m,4 Yaşında,8. Kat,"1,750,000","Başakşehir, Başakşehir Mahallesi",1 Ekim 2020
Daire,mimar yapıdan iskanlı 2+1 yüksek giriş,2 + 1,85 m,1 Yaşında,1. Kat,"255,000","Başakşehir, Güvercintepe Mahallesi",24 Ağustos 2020
Daire,sahibinden nidapark başakşehir'de 3+1 sıfır daire ! yatırım,3 + 1,177 m,2 Yaşında,En Üst Kat,"1,295,000","Başakşehir, Başakşehir Mahallesi",27 Eylül 2020
Daire,bulvar istanbul göl etabı satılık daire 3+1 yüksek kat,3 + 1,168 m,5 Yaşında,17. Kat,"1,125,000","Başakşehir, Başakşehir Mahallesi",20 Eylül 2020
Daire,düden blokların da tek odalı temiz bakımlı daire,1 + 1,92 m,18 Yaşında,10. Kat,"559,000","Başakşehir, Bahçeşehir 2. Kısım Mahallesi",17 Aralık 2019
Daire,tual bahçekentte manzaralı arakat içi sıfır ve tapusu hazır 1+1.,1 + 1,77 m,1 Yaşında,3. Kat,"405,000","Başakşehir, Bahçeşehir 2. Kısım Mahallesi",7 Eylül 2020
Daire,akzirve strada projesinde fitness güvenlik sauna ve havuzlu 1+1.,1 + 1,80 m,1 Yaşında,12. Kat,"455,000","Başakşehir, Bahçeşehir 2. Kısım Mahallesi",1 Eylül 2020
Daire,çok acil eşyalı daire,4 + 1,180 m,20 Yaşında,Villa Katı,"990,000","Başakşehir, Bahçeşehir 2. Kısım Mahallesi",17 Ağustos 2020
Daire,spradon vadi güney doğu 1+1 daire,1 + 1,76 m,4 Yaşında,2. Kat,"405,000","Başakşehir, Bahçeşehir 1. Kısım Mahallesi",21 Temmuz 2020
Villa,polat emlak'dan...bahçeşehir 2.kısım boğazköy'de müstakil vila,4 + 1,220 m,13 Yaşında,Bahçe Katı,"2,750,000","Başakşehir, Bahçeşehir 2. Kısım Mahallesi",15 Eylül 2020
Daire,polat emlak'dan...bahçeşehir 2.kısım boğazköy'de satılık daire,3 + 1,160 m,15 Yaşında,Zemin,"550,000","Başakşehir, Bahçeşehir 2. Kısım Mahallesi",23 Eylül 2020
Daire,bahçeşehir rotadan beylikdüzünde 2+1 satılık bahçe katı,2 + 1,105 m,1 Yaşında,Bahçe Katı,"129,500","Başakşehir, Bahçeşehir 2. Kısım Mahallesi",9 Ekim 2020
Villa,satılık villa,5 + 2,360 m,14 Yaşında,7. Kat,"1,600","Başakşehir, Bahçeşehir 2. Kısım Mahallesi",23 Eylül 2020
Villa,mabeyn bahçeşehir de 7+2 a tipi asansörlü satılık villa,7 + 2,456 m,Sıfır Bina,Villa Katı,"4,500,000","Başakşehir, Bahçeşehir 1. Kısım Mahallesi",15 Ağustos 2020
Villa,triplex.. geniş bahçeli.. havuzlu.. müstakil villa.. finansman,5 + 1,400 m,15 Yaşında,Villa Katı,"3,750,000","Başakşehir, Bahçeşehir 2. Kısım Mahallesi",7 Ağustos 2020
Daire,huzzak plus'ta 2+1 145 m2 teraslı satılık daire boş 690.000tl,2 + 1,145 m,3 Yaşında,1. Kat,"690,000","Başakşehir, Ziya Gökalp Mahallesi",11 Eylül 2020
Residence,değer'den yuzde 50 peşin kalanı 0 faiz 60 ay elden ödeme !,2 + 1,110 m,Sıfır Bina,7. Kat,"200,000","Başakşehir, Bahçeşehir 2. Kısım Mahallesi",24 Eylül 2020
Daire,toki kayaşehir 6.bölge satılık 3+1 118 m2 tapulu daire,3 + 1,118 m,9 Yaşında,Ara Kat,"615,000","Başakşehir, Kayabaşı Mahallesi",8 Haziran 2020
Daire,rota'dan bahçeşehir 2.kısımda haftanın fırsatı 2+1 satılık daire,2 + 1,95 m,Sıfır Bina,8. Kat,"154,000","Başakşehir, Bahçeşehir 2. Kısım Mahallesi",8 Ekim 2020
Daire,mimar yapıdan iskanli 2+1 balkonlu yüksek giriş,2 + 1,95 m,1 Yaşında,3. Kat,"275,000","Başakşehir, Güvercintepe Mahallesi",24 Ağustos 2020
Daire,sahibinden satilik başakşehir 5 etap emirgan sitesi,2 + 1,90 m,15 Yaşında,6. Kat,"690,000","Başakşehir, Başak Mahallesi",28 Ağustos 2020
Daire,kayaşehir emlak konut satılık 2+1 105 m2 ara kat devirli daire,2 + 1,105 m,6 Yaşında,3. Kat,"730,000","Başakşehir, Kayabaşı Mahallesi",20 Eylül 2020
Villa,satılık villa,4 + 2,360 m,13 Yaşında,1. Kat,"1,300","Başakşehir, Bahçeşehir 2. Kısım Mahallesi",3 Ekim 2020
Daire,mükemmel bir yaşam projesi 2+herşey son daire,2 + 1,116 m,5 Yaşında,Villa Katı,"660,000","Başakşehir, Bahçeşehir 1. Kısım Mahallesi",14 Ağustos 2020
Daire,başakşehir - kayaşehir 19. bölge satılık önü açık 3+1 daire,3 + 1,126 m,3 Yaşında,Villa Katı,"825,000","Başakşehir, Kayabaşı Mahallesi",26 Ağustos 2020
Daire,beylikdüzü rota'dan bahçeşehir'de site içi 2+1 satılık daire,2 + 1,100 m,2 Yaşında,2. Kat,"291,000","Başakşehir, Bahçeşehir 2. Kısım Mahallesi",10 Ekim 2020
Villa,luxury villa for sale.. fully furnished.. garden & swimming pool,5 + 2,360 m,15 Yaşında,Villa Katı,"3,550,000","Başakşehir, Bahçeşehir 2. Kısım Mahallesi",11 Ağustos 2020
Villa,iyi konumda.. lüks.. müstakil bahçeli.. triplex.. çift teraslı..,6 + 2,550 m,15 Yaşında,5. Kat,"2,550,000","Başakşehir, Bahçeşehir 2. Kısım Mahallesi",17 Ağustos 2020
Daire,emlakkonut semt bahçekent borçsuz vatandaşlık uygun!! kelepir!!,1 + 1,70 m,Sıfır Bina,8. Kat,"435,000","Başakşehir, Bahçeşehir 2. Kısım Mahallesi",6 Ekim 2020
Villa,bahçeşehir 2.kısım boğazköy'de satılık villa...polat emlak'dan,5 + 2,360 m,15 Yaşında,Villa Katı,"2,150,000","Başakşehir, Bahçeşehir 2. Kısım Mahallesi",25 Ağustos 2020
Daire,keypoint mall of istanbul da 1+1 eşyalı satılık 79m2 daire,1 + 1,79 m,5 Yaşında,Villa Katı,"800,000","Başakşehir, İkitelli OSB Mahallesi",2 Ekim 2020
Daire,kayaşehir 13. bölge 85 m2 satılık tapulu boş 2+1 daire,2 + 1,85 m,10 Yaşında,Villa Katı,"495,000","Başakşehir, Kayabaşı Mahallesi",16 Ağustos 2020
Villa,polat emlak'dan...bahçeşehir 2.kısım boğazköy'de satılık villa,5 + 2,360 m,15 Yaşında,21 ve üzeri,"1,800,000","Başakşehir, Bahçeşehir 2. Kısım Mahallesi",27 Eylül 2020
Villa,bahçeşehir 2.kısım boğazköy'de satılık villa...polat emlak'dan,5 + 2,360 m,15 Yaşında,Villa Katı,"1,375,000","Başakşehir, Bahçeşehir 2. Kısım Mahallesi",25 Ağustos 2020
Villa,polat emlak'dan...bahçeşehir 2.kısım boğazköy'de satılık villa,5 + 2,360 m,15 Yaşında,21 ve üzeri,"1,800,000","Başakşehir, Bahçeşehir 2. Kısım Mahallesi",3 Ekim 2020
Villa,bahçeşehir asmalı evler fırsat villa 2.5+1,2 + 1,150 m,1 Yaşında,17. Kat,"1,620,000","Başakşehir, Bahçeşehir 1. Kısım Mahallesi",17 Eylül 2020
Daire,ayazma emlak konutlarında borçsuz 2+1 satılık daire,2 + 1,97 m,2 Yaşında,16. Kat,"600,000","Başakşehir, Altınşehir Mahallesi",22 Eylül 2020
Daire,sahibinden peyzaj manzaralı ara kat bhçeşehir avrupark'ta daire,1 + 1,64 m,1 Yaşında,Ara Kat,"365,000","Başakşehir, Bahçeşehir 2. Kısım Mahallesi",22 Ağustos 2020
Villa,3 mutfak.. şömine.. ferah.. a tipi.. bahçeli villa... finansman,4 + 2,360 m,15 Yaşında,Villa Katı,"1,550,000","Başakşehir, Bahçeşehir 2. Kısım Mahallesi",21 Ağustos 2020
Daire,park mavera3 satılık 2+1 daire,2 + 1,135 m,Sıfır Bina,5. Kat,"1,310,000","Başakşehir, Kayabaşı Mahallesi",3 Ekim 2020
Daire,"ayazma emlakkonutlarında 350,000peşinat 3ara ödeme li sabit takt",2 + 1,135 m,1 Yaşında,9. Kat,"350,000","Başakşehir, Ziya Gökalp Mahallesi",30 Eylül 2020
Daire,salacak sitesi satılık 2+1 yapılı daire,2 + 1,95 m,14 Yaşında,10. Kat,"710,000","Başakşehir, Başak Mahallesi",15 Ağustos 2020
Daire,bahçeşehir 1+1 hemen teslim satılık daire - akzirve strada,1 + 1,75 m,Sıfır Bina,6. Kat,"425,000","Başakşehir, Bahçeşehir 2. Kısım Mahallesi",22 Mayıs 2020
Daire,kayaşehir merkez 8.bölgede satılık kelepir daire 3+1,3 + 1,120 m,7 Yaşında,Kot 1,"528,000","Başakşehir, Kayabaşı Mahallesi",19 Eylül 2020
Daire,başakşehir 2. kısımda site içerisinde 3+1 satılık daire...,3 + 1,130 m,25 Yaşında,4. Kat,"850,000","Başakşehir, Başakşehir Mahallesi",11 Eylül 2020
Daire,bahçeşehir satılık 3+1 hemen teslim daire - akzirve strada,3 + 1,167 m,Sıfır Bina,7. Kat,"790,000","Başakşehir, Bahçeşehir 2. Kısım Mahallesi",22 Mayıs 2020
Villa,sahibinden satılık villa,7 + 2,420 m,20 Yaşında,Bahçe Katı,"3,000,000","Başakşehir, Bahçeşehir 2. Kısım Mahallesi",14 Ağustos 2020
Köy Evi,bahçeşehir ıspartakule'de av08 tipi kış bahçeli ikiz -açık cephe,5 + 2,430 m,10 Yaşında,Villa Katı,"4,900,000","Başakşehir, Bahçeşehir 1. Kısım Mahallesi",9 Ekim 2020
Daire,başakşehir bulvar istanbul satılık 3+1 daire boş ve tapusu hazır,3 + 1,170 m,4 Yaşında,7. Kat,"1,259,000","Başakşehir, Başakşehir Mahallesi",21 Eylül 2020
Daire,bahçeşehir satılık 4+1 akzirve strada,4 + 1,200 m,Sıfır Bina,2. Kat,"1,150,000","Başakşehir, Bahçeşehir 2. Kısım Mahallesi",22 Mayıs 2020
Daire,bahçeşehir manavgat sitesi manzaralı 1+1 satılık büyük daire,1 + 1,115 m,20 Yaşında,14. Kat,"630,000","Başakşehir, Bahçeşehir 2. Kısım Mahallesi",25 Ağustos 2020
Daire,boğazköyde güvenlikli iskanlı arakat barbekülü ve 2 mutfaklı 3+1,3 + 1,160 m,20 Yaşında,6. Kat,"519,900","Başakşehir, Bahçeşehir 2. Kısım Mahallesi",23 Ağustos 2020
Daire,bahçeşehir akzirve strada'da satılık 2+1 hemen teslim,2 + 1,123 m,Sıfır Bina,10. Kat,"645,000","Başakşehir, Bahçeşehir 2. Kısım Mahallesi",22 Mayıs 2020
Daire,akzirve strada bahçeşehir 1+1 hemen teslim satılık daire,1 + 1,66 m,Sıfır Bina,1. Kat,"390,000","Başakşehir, Bahçeşehir 2. Kısım Mahallesi",22 Mayıs 2020
Daire,bahçeşehir akzirve strada satılık 3+1 daire hemen teslim,3 + 1,167 m,Sıfır Bina,8. Kat,"825,000","Başakşehir, Bahçeşehir 2. Kısım Mahallesi",22 Mayıs 2020
Daire,kayaşehir 15.bögle satılık 2+1 85 m2 tapulu daire,2 + 1,85 m,10 Yaşında,Yüksek Giriş,"470,000","Başakşehir, Kayabaşı Mahallesi",28 Ağustos 2020
Daire,avrupark bahçekent projes 1+1 kiracılı satılık daire,1 + 1,64 m,1 Yaşında,7. Kat,"445,000","Başakşehir, Bahçeşehir 2. Kısım Mahallesi",13 Ağustos 2020
Daire,emek emlaktan kayaşehir 11.bölgede 85m² satılık 2+1 fırsat daire,2 + 1,85 m,10 Yaşında,8. Kat,"450,000","Başakşehir, Kayabaşı Mahallesi",31 Ağustos 2020
Daire,kayaşehir 23.bölge satılık 2+1 85 m2 ara kat tapulu daire,2 + 1,85 m,6 Yaşında,6. Kat,"455,000","Başakşehir, Kayabaşı Mahallesi",2 Eylül 2020
Daire,bahçeşehir merkez kc blokları satılık 4+1 daire,4 + 1,225 m,14 Yaşında,6. Kat,"1,300,000","Başakşehir, Bahçeşehir 2. Kısım Mahallesi",29 Ağustos 2020
Daire,kayaşehir 1.bölge satılık 118m² 3+1 temiz daire,3 + 1,118 m,10 Yaşında,12. Kat,"685,000","Başakşehir, Kayabaşı Mahallesi",27 Ağustos 2020
Daire,bahçeşehir boğazköyde yeni binada ebevey banyolu arakat 3+1daire,3 + 1,160 m,10 Yaşında,2. Kat,"615,000","Başakşehir, Bahçeşehir 2. Kısım Mahallesi",7 Ağustos 2020
Daire,dumankaya modern vadide havuzlu güvenlikli manzaralı arakat 2+1.,2 + 1,100 m,5 Yaşında,9. Kat,"415,000","Başakşehir, Bahçeşehir 2. Kısım Mahallesi",30 Ağustos 2020
Daire,değer'den bahçeşehir bölgesinde site içi 2+1,2 + 1,110 m,Sıfır Bina,4. Kat,"359,900","Başakşehir, Bahçeşehir 2. Kısım Mahallesi",29 Eylül 2020
Daire,bahçekent flora'da 2+1 uygun fiyata,2 + 1,109 m,3 Yaşında,9. Kat,"615,000","Başakşehir, Bahçeşehir 2. Kısım Mahallesi",5 Ağustos 2020
Daire,kayaşehir 11.bölge de 68m2 2+1 tapulu satılık daire,2 + 1,68 m,5 Yaşında,1. Kat,"390,000","Başakşehir, Kayabaşı Mahallesi",27 Temmuz 2020
Daire,başakşehir onurkentde satılık 3+1 daire full yapılı,3 + 1,135 m,15 Yaşında,6. Kat,"600,000","Başakşehir, Başakşehir Mahallesi",17 Ağustos 2020
Villa,bahçeşehir muhteşem gölet manzaralı 6+2 satılık villa,6 + 2,320 m,18 Yaşında,Villa Katı,"2,150,000","Başakşehir, Bahçeşehir 1. Kısım Mahallesi",26 Eylül 2020
Daire,bahçeşehir spradon vadi 1+1 sosyal tesisli site içinde daire,1 + 1,72 m,7 Yaşında,19. Kat,"395,000","Başakşehir, Bahçeşehir 2. Kısım Mahallesi",17 Eylül 2020
Daire,ayazma da 50ay sabit taksitli 3ara ödemeli 2+1daire,2 + 1,135 m,1 Yaşında,6. Kat,"375,000","Başakşehir, Ziya Gökalp Mahallesi",16 Eylül 2020
Daire,şehir hastanesine komşu binamızda her şey elinizin altında,4 + 1,200 m,Sıfır Bina,Giriş Katı,"1,390,000","Başakşehir, Başakşehir Mahallesi",23 Eylül 2020
Daire,bahçeşehir merkezde 2+1 daire,2 + 1,135 m,10 Yaşında,Villa Katı,"415,000","Başakşehir, Bahçeşehir 2. Kısım Mahallesi",18 Ağustos 2020
Villa,bahçeşehir eston estonşehir 1 de satılık 3+1 alt kv villa,3 + 1,170 m,10 Yaşında,Villa Katı,"2,500,000","Başakşehir, Bahçeşehir 1. Kısım Mahallesi",21 Ağustos 2020
Villa,güvenlik.. havuz.. kapalı garaj.. şömine.. geniş bahçeli villa,5 + 2,420 m,17 Yaşında,Villa Katı,"2,150,000","Başakşehir, Bahçeşehir 2. Kısım Mahallesi",17 Ağustos 2020
Villa,hamam- sauna- şömine- barbekü- giyinme odası- müstakil bahçe,5 + 2,360 m,15 Yaşında,4. Kat,"1,700,000","Başakşehir, Bahçeşehir 2. Kısım Mahallesi",21 Ağustos 2020
Daire,bahçeşehir ıspartakule toros blokları manzaralı 4+1 daire,4 + 1,268 m,16 Yaşında,Villa Katı,"1,153,000","Başakşehir, Bahçeşehir 1. Kısım Mahallesi",15 Ağustos 2020
Villa,bahçeşehir boğazköy de 675 m2 bahçe paylı 440 m2 villa 5+2,5 + 2,445 m,10 Yaşında,2. Kat,"3,365,000","Başakşehir, Bahçeşehir 2. Kısım Mahallesi",11 Eylül 2020
Daire,bahçeşehir toros larda dublex bahçekatı daire,1 + 1,170 m,20 Yaşında,10. Kat,"475,000","Başakşehir, Bahçeşehir 1. Kısım Mahallesi",20 Temmuz 2020
Daire,bulvar istanbul göl etabı satılık daire 3+1,3 + 1,168 m,8 Yaşında,2. Kat,"1,150,000","Başakşehir, Başakşehir Mahallesi",22 Ağustos 2020
Villa,bahçeşehir 2.kısım boğazköy satılık villa .. finansman'dan,4 + 2,400 m,15 Yaşında,Villa Katı,"1,350,000","Başakşehir, Bahçeşehir 2. Kısım Mahallesi",7 Ağustos 2020
Daire,bahçeşehir sofa 3+1 gölet manzaralı büyük balkonlu satılık daire,3 + 1,198 m,5 Yaşında,6. Kat,"1,875,000","Başakşehir, Bahçeşehir 1. Kısım Mahallesi",21 Ağustos 2020
Villa,bahçeşehir mabeyn bahçeşehir 7+2 a tipi asansörlü satılık villa,7 + 2,456 m,1 Yaşında,Villa Katı,"4,500,000","Başakşehir, Bahçeşehir 1. Kısım Mahallesi",9 Eylül 2020
Daire,bahçeşehir vaditepe kiptaş-2 evlerinde manzaralı güvenlikli 3+1.,3 + 1,140 m,1 Yaşında,7. Kat,"675,000","Başakşehir, Bahçeşehir 2. Kısım Mahallesi",10 Ağustos 2020
Daire,bahçeşehir spradon vadi evleri'nde peyzaj cepheli satılık 2+1,2 + 1,105 m,6 Yaşında,2. Kat,"630,000","Başakşehir, Bahçeşehir 2. Kısım Mahallesi",30 Eylül 2020
Villa,geniş ve müstakil bahçeli.. triplex.. sıfır villa.. finansman,4 + 2,270 m,15 Yaşında,Villa Katı,"2,250,000","Başakşehir, Bahçeşehir 2. Kısım Mahallesi",6 Ağustos 2020
Daire,emlakkonut semt bahçekent yüksek kat devirli banka yok faiz yok!,1 + 1,67 m,Sıfır Bina,7. Kat,"165,000","Başakşehir, Bahçeşehir 2. Kısım Mahallesi",6 Ekim 2020
Villa,istanbul bahçeşehir satılık havuzlu forleks villa,5 + 2,361 m,19 Yaşında,8. Kat,"2,000,000","Başakşehir, Bahçeşehir 2. Kısım Mahallesi",11 Ağustos 2020
Daire,ağaoğlu my world europe 3+1 169m2 full tadilatlı fırsat daire,3 + 1,169 m,8 Yaşında,2. Kat,"1,400,000","Başakşehir, Ziya Gökalp Mahallesi",2 Ekim 2020
Daire,bahçeşehir manavgat 2+1 balkonlu manzaralı satılık daire,2 + 1,130 m,20 Yaşında,13. Kat,"915,000","Başakşehir, Bahçeşehir 2. Kısım Mahallesi",30 Eylül 2020
Daire,kayaşehirde satılık 2+1 satılık daire,2 + 1,85 m,8 Yaşında,Kot 1,"410,000","Başakşehir, Kayabaşı Mahallesi",3 Ekim 2020
Daire,kiptaş vaditepe 4. bölge güney cephe 3+1 118 m2,3 + 1,118 m,4 Yaşında,Giriş Katı,"625,000","Başakşehir, Bahçeşehir 1. Kısım Mahallesi",15 Ağustos 2020
Daire,oyakkent 1 satılık 3+1 ara kat daire,3 + 1,135 m,12 Yaşında,2. Kat,"960,000","Başakşehir, Başakşehir Mahallesi",23 Eylül 2020
Daire,başakşehir emlak konut 1etap 2+1 satılık full yapılı daire,2 + 1,107 m,4 Yaşında,9. Kat,"765,000","Başakşehir, Kayabaşı Mahallesi",22 Ağustos 2020
Daire,kuryes grup'tan kelepir prestijli sitede lüx 4+1 satılık konut,4 + 1,191 m,4 Yaşında,8. Kat,"1,450,000","Başakşehir, Başakşehir Mahallesi",27 Ağustos 2020
Daire,metrokent 1+1 boş satılık daire,1 + 1,78 m,9 Yaşında,21 ve üzeri,"655,000","Başakşehir, Başak Mahallesi",26 Eylül 2020
Daire,kayaşehir 15.bölge satılık 118m² 3+1 temiz daire,3 + 1,118 m,10 Yaşında,3. Kat,"700,000","Başakşehir, Kayabaşı Mahallesi",27 Ağustos 2020
Daire,kayaşehir 3.bölge satılık 3+1 daire,3 + 1,118 m,10 Yaşında,6. Kat,"720,000","Başakşehir, Kayabaşı Mahallesi",14 Ağustos 2020
Daire,ayazma emlak konutları 5 parselde 2+1 devirli satılık daire,2 + 1,134 m,1 Yaşında,10. Kat,"360,000","Başakşehir, Ziya Gökalp Mahallesi",9 Temmuz 2020
Daire,dumankaya modern vadi satılık 1+1 daire,1 + 1,62 m,5 Yaşında,8. Kat,"250,000","Başakşehir, Bahçeşehir 1. Kısım Mahallesi",22 Eylül 2020
Daire,bahçeşehir city court sitesinde bahçe katı tadilatlı daire,3 + 1,185 m,8 Yaşında,Bahçe Katı,"1,650,000","Başakşehir, Bahçeşehir 1. Kısım Mahallesi",22 Ağustos 2020
Residence,ağaoğlu myworld europe 1+1 18.kat teras balkon,1 + 1,74 m,10 Yaşında,6. Kat,"525,000","Başakşehir, Ziya Gökalp Mahallesi",24 Ağustos 2020
Daire,boğazköyde içi özel yapılmış mantolamalı arakat ve balkonlu 2+1.,2 + 1,125 m,20 Yaşında,12. Kat,"397,000","Başakşehir, Bahçeşehir 2. Kısım Mahallesi",28 Ağustos 2020
Daire,bahçekent emlak konut'ta teraslı güney cepheli ve kiracılı 1+1..,1 + 1,90 m,5 Yaşında,12. Kat,"239,900","Başakşehir, Bahçeşehir 2. Kısım Mahallesi",24 Ağustos 2020
Residence,bahçeşehir bahçekent flora satılık 2+1 sahibinden,2 + 1,109 m,4 Yaşında,Yüksek Giriş,"645,000","Başakşehir, Bahçeşehir 2. Kısım Mahallesi",24 Ağustos 2020
Daire,"başakşehir 2. etap'da şehir hastanesine yakın, 2+1 satılık daire",2 + 1,84 m,20 Yaşında,3. Kat,"525,000","Başakşehir, Başakşehir Mahallesi",16 Eylül 2020
Villa,bahçeşehir ıspartakule berit villa 5+1 satılık,5 + 1,320 m,20 Yaşında,10. Kat,"1,300,000","Başakşehir, Bahçeşehir 1. Kısım Mahallesi",16 Temmuz 2020
Daire,bahçeşehir park evleri-hılpark 4+1 geniş teraslı satılık daire,4 + 1,200 m,5 Yaşında,Çatı Katı,"1,650,000","Başakşehir, Bahçeşehir 2. Kısım Mahallesi",25 Ağustos 2020
Daire,bahçeşehir park hillpark gölet manzaralı teraslı 6+1 dubleks,6 + 1,320 m,10 Yaşında,1. Kat,"4,500,000","Başakşehir, Bahçeşehir 2. Kısım Mahallesi",2 Eylül 2020
Daire,bahçeşehir akzirve strada projesi 2+1 satılık sıfır daire,2 + 1,113 m,Sıfır Bina,6. Kat,"710,000","Başakşehir, Bahçeşehir 2. Kısım Mahallesi",11 Ağustos 2020
Daire,bahçekent emlak konut 653 ada 3.5+1 daire,3 + 1,140 m,3 Yaşında,2. Kat,"699,000","Başakşehir, Bahçeşehir 2. Kısım Mahallesi",6 Ağustos 2020
Daire,kayaşehir 1.bölge satılık 2+1 75 m2 tapulu ara kat daire,2 + 1,75 m,9 Yaşında,3. Kat,"410,000","Başakşehir, Kayabaşı Mahallesi",28 Ağustos 2020
Daire,bahçeşehir şelale düden 3+1 tadilatlı manzaralı satılık daire,3 + 1,162 m,20 Yaşında,14. Kat,"1,350,000","Başakşehir, Bahçeşehir 2. Kısım Mahallesi",28 Ağustos 2020
Villa,polat emlak'dan...bahçeşehir 2.kısım boğazköy'de satılık villa,5 + 2,360 m,15 Yaşında,Villa Katı,"2,000,000","Başakşehir, Bahçeşehir 2. Kısım Mahallesi",26 Ağustos 2020
Daire,metrokent satılık 3+1 boş daire,3 + 1,154 m,10 Yaşında,8. Kat,"1,420,000","Başakşehir, Başak Mahallesi",25 Ağustos 2020
Villa,güvenlikli.. havuzlu.. kapalı garajlı.. bahçeli villa- finansman,4 + 2,360 m,15 Yaşında,Villa Katı,"1,800,000","Başakşehir, Bahçeşehir 2. Kısım Mahallesi",25 Temmuz 2020
Daire,emlak konut başakşehir evleri 1' de peyzaja bakan 3+1 satılık,3 + 1,130 m,5 Yaşında,5. Kat,"1,025,000","Başakşehir, Kayabaşı Mahallesi",25 Ağustos 2020
Daire,bahçeşehir funda e tipi 3+1 havuzlu site içinde satılık daire,3 + 1,203 m,20 Yaşında,6. Kat,"1,100,000","Başakşehir, Bahçeşehir 2. Kısım Mahallesi",31 Ağustos 2020
Villa,geniş ve müstakil bahçe.. lüx.. köşe.. triplex villa.. finansman,5 + 1,320 m,15 Yaşında,Villa Katı,"2,500,000","Başakşehir, Bahçeşehir 2. Kısım Mahallesi",11 Ağustos 2020
Daire,başakşehir evleri 3. kat peyzaj cepheli 3+1(130m2) satılık daire,3 + 1,130 m,4 Yaşında,2. Kat,"1,050,000","Başakşehir, Kayabaşı Mahallesi",31 Ağustos 2020
Daire,bahçetepe 3+1 hobi bahçeli tapulu,3 + 1,143 m,5 Yaşında,3. Kat,"1,230,000","Başakşehir, Başakşehir Mahallesi",20 Eylül 2020
Villa,havuzlu.. güvenlikli.. müstakil bahçeli.. köşe villa.. finansman,4 + 2,360 m,15 Yaşında,Villa Katı,"2,100,000","Başakşehir, Bahçeşehir 2. Kısım Mahallesi",9 Ağustos 2020
Villa,hamam.. sauna.. şömine.. garaj- iyi konumda- geniş bahçeli villa,4 + 2,360 m,15 Yaşında,Villa Katı,"1,600,000","Başakşehir, Bahçeşehir 2. Kısım Mahallesi",7 Ağustos 2020
Residence,bahçeşehir nissa o2'de 1+1 satılık residence daire,1 + 1,149 m,3 Yaşında,8. Kat,"740,000","Başakşehir, Bahçeşehir 1. Kısım Mahallesi",2 Eylül 2020
Daire,bahçeşehir atmaca dublex bahçe kullanımlı 5+1 satılık daire,5 + 1,250 m,2 Yaşında,Bahçe Katı,"2,700,000","Başakşehir, Bahçeşehir 1. Kısım Mahallesi",27 Ağustos 2020
Daire,bahçeşehir gül adası a tipi 4+1 bakımlı manzaralı satılık daire,4 + 1,180 m,20 Yaşında,6. Kat,"1,300,000","Başakşehir, Bahçeşehir 2. Kısım Mahallesi",28 Ağustos 2020
Villa,2 aileye uygun.. geniş ve müstakil bahçeli.. 2 tane dublex villa,8 + 2,450 m,17 Yaşında,Villa Katı,"3,000,000","Başakşehir, Bahçeşehir 2. Kısım Mahallesi",17 Ağustos 2020
Daire,bulvar istanbul göl etabı satılık daire 3+1 yüksek kat,3 + 1,168 m,7 Yaşında,En Üst Kat,"1,165,000","Başakşehir, Ziya Gökalp Mahallesi",26 Ağustos 2020
Daire,bahçeşehir mesa zambaklı bahçe havuzlu satılık 2+1 daire.,2 + 1,115 m,10 Yaşında,7. Kat,"920,000","Başakşehir, Bahçeşehir 1. Kısım Mahallesi",4 Ağustos 2020
Daire,kayaşehir 13.bölge de satılık 68m² 2+1 tapulu daire,2 + 1,68 m,10 Yaşında,2. Kat,"365,000","Başakşehir, Kayabaşı Mahallesi",4 Temmuz 2020
Daire,"park mavera 3'de 4,5 +1 peyzaj manzaralı satılık daire",4 + 1,207 m,Sıfır Bina,9. Kat,"2,075,000","Başakşehir, Kayabaşı Mahallesi",22 Ağustos 2020
Daire,her yere yakın.. 320 m2.. teraslı 6+2 dublex.. iki aileye uygun,6 + 2,320 m,15 Yaşında,6. Kat,"720,000","Başakşehir, Bahçeşehir 2. Kısım Mahallesi",11 Ağustos 2020
Daire,kayaşehir 6.bölge satılık 3+1 daire,3 + 1,118 m,10 Yaşında,12. Kat,"655,000","Başakşehir, Kayabaşı Mahallesi",9 Eylül 2020
Residence,bahçeşehir loca istanbul da satılık lux dubleks,5 + 2,320 m,8 Yaşında,10. Kat,"4,500,000","Başakşehir, Bahçeşehir 2. Kısım Mahallesi",28 Temmuz 2020
Daire,"sahibinden bahçeşehir manavgat bakımlı site,",2 + 1,220 m,16 Yaşında,12. Kat,"1,150,000","Başakşehir, Bahçeşehir 2. Kısım Mahallesi",21 Ağustos 2020
Villa,bahçeşehir ıspartakulde geniş bahçeli bakımlı 4+2 satılık villa,4 + 2,420 m,18 Yaşında,Villa Katı,"3,600,000","Başakşehir, Bahçeşehir 1. Kısım Mahallesi",27 Ağustos 2020
Daire,başakşehir ağaoğlu my world europe 4+1 satılık daire,4 + 1,203 m,9 Yaşında,7. Kat,"1,600,000","Başakşehir, Ziya Gökalp Mahallesi",10 Eylül 2020
Daire,bahçeşehir funda bölgesinde b tipi ara kat 3+1 satılık daire,3 + 1,125 m,25 Yaşında,4. Kat,"800,000","Başakşehir, Bahçeşehir 2. Kısım Mahallesi",27 Ağustos 2020
Daire,metrokent vadi manzaralı 3+1 satılık daire,3 + 1,154 m,9 Yaşında,11. Kat,"1,650,000","Başakşehir, Başak Mahallesi",3 Ekim 2020
Villa,boğazköy satılık natamam ve tamam villalar,5 + 2,400 m,15 Yaşında,6. Kat,"1,200,000","Başakşehir, Bahçeşehir 2. Kısım Mahallesi",6 Eylül 2020
Daire,kayaşehir nida park yakut sitesi satılık daire 3+1,3 + 1,174 m,1 Yaşında,4. Kat,"1,550,000","Başakşehir, Kayabaşı Mahallesi",24 Ağustos 2020
Daire,boğazköy can onur sitesi 3+1 satılık daire,3 + 1,125 m,12 Yaşında,Zemin,"350,000","Başakşehir, Bahçeşehir 2. Kısım Mahallesi",3 Eylül 2020
Villa,bahçeşehir merkezde büyük bahçeli iskanlı villa,7 + 2,420 m,23 Yaşında,6. Kat,"2,800,000","Başakşehir, Bahçeşehir 1. Kısım Mahallesi",10 Ağustos 2020
Daire,bahçeşehir gül adasında b tipi 3+1 satılık daire,3 + 1,130 m,20 Yaşında,8. Kat,"800,000","Başakşehir, Bahçeşehir 2. Kısım Mahallesi",10 Eylül 2020
Residence,değer yapı'dan site içi kredisiz elden ödemeli 2+1 fırsatı,1 + 1,83 m,Sıfır Bina,15. Kat,"160,000","Başakşehir, Bahçeşehir 2. Kısım Mahallesi",1 Eylül 2020
Daire,özyurtlar n tepe.. 175 m2.. merkezi konumda.. teraslı 3+1 daire,3 + 1,175 m,10 Yaşında,2. Kat,"620,000","Başakşehir, Bahçeşehir 2. Kısım Mahallesi",4 Ağustos 2020
Daire,marla gayrimenkul'den bahçetepe 100m2 2+1 kapalı mutfak satılık,2 + 1,100 m,10 Yaşında,15. Kat,"849,000","Başakşehir, Kayabaşı Mahallesi",1 Ekim 2020
Residence,değerden lansmana özel fırsat elden ödemeli 60ay vade seçeneği,2 + 1,110 m,Sıfır Bina,10. Kat,"250,000","Başakşehir, Bahçeşehir 2. Kısım Mahallesi",1 Eylül 2020
Daire,"bahçeşehir hillpark 2+1 teraslı, balkonlu satılık daire",2 + 1,142 m,10 Yaşında,12. Kat,"925,000","Başakşehir, Bahçeşehir 1. Kısım Mahallesi",21 Ağustos 2020
Daire,bahçeşehir akzirve strada'da manzaralı tapulu krediye uygun 1+1.,1 + 1,77 m,1 Yaşında,1. Kat,"460,000","Başakşehir, Bahçeşehir 2. Kısım Mahallesi",7 Eylül 2020
Villa,sahibinden satılık villa,6 + 2,360 m,10 Yaşında,21 ve üzeri,"1,650,000","Başakşehir, Bahçeşehir 2. Kısım Mahallesi",24 Ağustos 2020
Daire,polat emlak'dan...bahçeşehir 2.kısım boğazköy'de satılık daire,3 + 1,150 m,20 Yaşında,1. Kat,"560,000","Başakşehir, Bahçeşehir 2. Kısım Mahallesi",5 Ağustos 2020
Daire,mostar life satılık satılık 5+1 daire,5 + 1,308 m,4 Yaşında,Giriş Katı,"2,750,000","Başakşehir, İkitelli OSB Mahallesi",29 Ağustos 2020
Daire,bahçeşehir uphill court satılık 1+1 daire,1 + 1,72 m,10 Yaşında,13. Kat,"390,000","Başakşehir, Bahçeşehir 1. Kısım Mahallesi",30 Ağustos 2020
Daire,başakşehir ağaoğlu my world europe 4+1 satılık daire,4 + 1,203 m,9 Yaşında,Villa Katı,"1,400,000","Başakşehir, Ziya Gökalp Mahallesi",2 Eylül 2020
Daire,boğazköyde merkezi ısıtmalı krediye uygun arakat ve balkonlu 3+1,3 + 1,150 m,20 Yaşında,7. Kat,"449,500","Başakşehir, Bahçeşehir 2. Kısım Mahallesi",16 Ağustos 2020
Daire,boğazköyde merkezi ısıtmalı krediye uygun arakat ve balkonlu 2+1,2 + 1,125 m,20 Yaşında,10. Kat,"399,500","Başakşehir, Bahçeşehir 2. Kısım Mahallesi",16 Ağustos 2020
Villa,bahçeşehir toros'ta villa,5 + 2,360 m,12 Yaşında,Villa Katı,"3,950,000","Başakşehir, Bahçeşehir 1. Kısım Mahallesi",2 Eylül 2020
Daire,boğazköyde cadde üstünde hem işyeri hemde oturmaya uygun lüx 3+1,3 + 1,160 m,15 Yaşında,Yüksek Giriş,"495,000","Başakşehir, Bahçeşehir 2. Kısım Mahallesi",1 Ağustos 2020
Daire,boğazköyde deprem sonrası yapılmış binada teraslı manzaralı 2+1.,2 + 1,160 m,15 Yaşında,8. Kat,"489,900","Başakşehir, Bahçeşehir 2. Kısım Mahallesi",16 Ağustos 2020
Daire,lüks proje park mavera 1 de yatırımlık 4+1,4 + 1,208 m,2 Yaşında,8. Kat,"2,020,000","Başakşehir, Kayabaşı Mahallesi",20 Eylül 2020
Daire,bahçeşehir maximoonda havuzlu güvenlikli krediye uygun 2+1 daire,2 + 1,80 m,4 Yaşında,8. Kat,"249,900","Başakşehir, Bahçeşehir 2. Kısım Mahallesi",23 Ağustos 2020
Villa,boğazköyde özel yapılmış şömneli saunalı teraslı manzaralı villa,6 + 2,380 m,20 Yaşında,Villa Katı,"1,330,000","Başakşehir, Bahçeşehir 2. Kısım Mahallesi",19 Ağustos 2020
Residence,"mall of istanbul satılık 1+1,5 88 m2 residence daire",1 + 1,88 m,8 Yaşında,13. Kat,"885,000","Başakşehir, Ziya Gökalp Mahallesi",15 Eylül 2020
Daire,vadişehir bahçeli satılık 3+1 daire,3 + 1,177 m,3 Yaşında,Kot 1,"1,430,000","Başakşehir, Başakşehir Mahallesi",29 Ağustos 2020
Daire,boğazköyde otoparklı mantolamalı iskanlı ve ebeveyn banyolu 3+1.,3 + 1,160 m,20 Yaşında,Yüksek Giriş,"413,000","Başakşehir, Bahçeşehir 2. Kısım Mahallesi",16 Ağustos 2020
Daire,13. bölge yatırımlık daire,1 + 1,48 m,9 Yaşında,3. Kat,"330,000","Başakşehir, Kayabaşı Mahallesi",9 Eylül 2020
Daire,"başakşehir toki kayaşehir 20.bölge satılık 3+1 daire tapulu,boş",3 + 1,118 m,6 Yaşında,10. Kat,"695,000","Başakşehir, Kayabaşı Mahallesi",19 Ağustos 2020
Daire,boğazköyde güvenlikli otoparklı ebevey banyolu 3+1 giriş dubleks,3 + 1,200 m,20 Yaşında,Yüksek Giriş,"750,000","Başakşehir, Bahçeşehir 2. Kısım Mahallesi",29 Ağustos 2020
Daire,metrokent satılık 154 m2 boş güney batı cephe uygun fiyat,3 + 1,154 m,10 Yaşında,9. Kat,"1,340,000","Başakşehir, Başak Mahallesi",23 Eylül 2020
Villa,bahçeşehir atmaca sitesinde muhtesem villa,4 + 1,295 m,2 Yaşında,Yüksek Giriş,"3,100,000","Başakşehir, Bahçeşehir 1. Kısım Mahallesi",17 Eylül 2020
Daire,bahçeşehir 2.kısımda otoparklı sitede balkonlu yüksek giriş 3+1.,3 + 1,150 m,15 Yaşında,2. Kat,"505,000","Başakşehir, Bahçeşehir 2. Kısım Mahallesi",29 Ağustos 2020
Daire,bahçeşehir boğazköy'de özel tadilatlı olan arakat manzaralı 4+1.,4 + 1,160 m,20 Yaşında,19. Kat,"525,000","Başakşehir, Bahçeşehir 2. Kısım Mahallesi",26 Ağustos 2020
Daire,düden blokların da manzaralı dubleks daire,4 + 1,220 m,20 Yaşında,9. Kat,"1,689,000","Başakşehir, Bahçeşehir 1. Kısım Mahallesi",22 Ağustos 2020
Residence,değer yapı'dan mükemmel lokasyonda prim garantili daireler *,3 + 1,165 m,Sıfır Bina,1. Kat,"330,000","Başakşehir, Bahçeşehir 2. Kısım Mahallesi",29 Eylül 2020
Daire,kayaşehir 24. bölge cadde üstü satılık 3+1 gazi dairesi,3 + 1,120 m,2 Yaşında,10. Kat,"530,000","Başakşehir, Kayabaşı Mahallesi",16 Ağustos 2020
Residence,emr den mall of istanbulda satılık eşyalı stüdyo daire,Stüdyo,53 m,5 Yaşında,5. Kat,"545,000","Başakşehir, İkitelli OSB Mahallesi",27 Ağustos 2020
Bina,başakşehirde satılık apartman,1 + 1,"2,700 m",7 Yaşında,4. Kat,"20,000,000","Başakşehir, Başakşehir Mahallesi",9 Eylül 2020
Residence,spradon recidence havuz cephe 2+1,2 + 1,118 m,7 Yaşında,Yüksek Giriş,"570,000","Başakşehir, Bahçeşehir 2. Kısım Mahallesi",22 Eylül 2020
Daire,sahibinden bahçekent emlak konut devirli satılık 2+1 peyzaj ceph,2 + 1,106 m,2 Yaşında,3. Kat,"310,000","Başakşehir, Bahçeşehir 2. Kısım Mahallesi",29 Temmuz 2020
Daire,sahibinden 5.etap 2+1 ful tadilatlı 4. kat güney salacak sitesi,2 + 1,95 m,13 Yaşında,21 ve üzeri,"708,000","Başakşehir, Başak Mahallesi",19 Ağustos 2020
Daire,fi-side sahibinden 3+1 190 metrekare recidence 11. kat,3 + 1,190 m,Sıfır Bina,21 ve üzeri,"450,000","Başakşehir, Bahçeşehir 2. Kısım Mahallesi",8 Ekim 2020
Daire,acilll satılık dubleks daire,6 + 2,190 m,1 Yaşında,21 ve üzeri,"500,000","Başakşehir, Güvercintepe Mahallesi",26 Eylül 2020
Daire,tual bahçekent satılık daire 2+1 130m2 yeni bina-tam konfor,2 + 1,130 m,1 Yaşında,Teras Katı,"850,000","Başakşehir, Bahçeşehir 2. Kısım Mahallesi",17 Ağustos 2020
Daire,emlakkonut avrupark hayat yüksekkat bankasız kefilsiz faizsiz!!,1 + 1,75 m,Sıfır Bina,10. Kat,"150,000","Başakşehir, Bahçeşehir 2. Kısım Mahallesi",4 Ekim 2020
Daire,emlakkonut avrupark hayat 2+1 yüksek kat banka yok!! faiz yok!!,2 + 1,135 m,Sıfır Bina,21 ve üzeri,"255,000","Başakşehir, Bahçeşehir 2. Kısım Mahallesi",6 Eylül 2020
Daire,sahibinden kiptaş kayabaşı konutlarında 3+1,3 + 1,115 m,9 Yaşında,11. Kat,"625,000","Başakşehir, Güvercintepe Mahallesi",17 Eylül 2020
Daire,bahçeşehir sofa 4+1 gölet manzaralı satılık daire,4 + 1,252 m,5 Yaşında,4. Kat,"2,000,000","Başakşehir, Bahçeşehir 1. Kısım Mahallesi",21 Ağustos 2020
Daire,kardelen evleri 205m2 satılık daire,4 + 1,205 m,4 Yaşında,Ara Kat,"2,450,000","Başakşehir, Başak Mahallesi",2 Temmuz 2020
Villa,bahçeşehir bademlerde büyük bahçeli tadilatlı villa,4 + 2,350 m,20 Yaşında,Villa Katı,"2,700,000","Başakşehir, Bahçeşehir 1. Kısım Mahallesi",15 Temmuz 2020
Daire,ayazma'da tapulu kısa katta 3+1 156m2 kelipir daire 1.150.000 tl,3 + 1,156 m,2 Yaşında,1. Kat,"1,150,000","Başakşehir, Ziya Gökalp Mahallesi",11 Eylül 2020
Daire,bahçekent avrupark sitesi 3+1 146 m2 satılık daire,3 + 1,146 m,2 Yaşında,1. Kat,"800,000","Başakşehir, Bahçeşehir 2. Kısım Mahallesi",26 Eylül 2020
Villa,sahibinden bahcesehirde toros villa...muhtesem konum...,6 + 2,450 m,15 Yaşında,2. Kat,"4,650,000","Başakşehir, Bahçeşehir 1. Kısım Mahallesi",25 Temmuz 2020
Daire,bahçeşehir gül sitesinde tadilatlı c tipi 3+1 satılık daire,3 + 1,130 m,19 Yaşında,21 ve üzeri,"850,000","Başakşehir, Bahçeşehir 2. Kısım Mahallesi",11 Ağustos 2020
Daire,bahçeşehir fi side acil satılık 2+1 120 m2 daire,2 + 1,120 m,Sıfır Bina,1. Kat,"250,000","Başakşehir, Bahçeşehir 2. Kısım Mahallesi",31 Ağustos 2020
Villa,polat emlak'dan...bahçeşehir 2.kısım boğazköy'de satılık daire,2 + 1,125 m,15 Yaşında,Villa Katı,"435,000","Başakşehir, Bahçeşehir 2. Kısım Mahallesi",3 Eylül 2020
Villa,polat emlak'dan...bahçeşehir 2.kısım boğazköy'de satılık villa,5 + 2,360 m,15 Yaşında,Villa Katı,"1,750,000","Başakşehir, Bahçeşehir 2. Kısım Mahallesi",1 Eylül 2020
Villa,polat emlak'dan...bahçeşehir 2.kısım boğazköy'de satılık villa,5 + 2,420 m,15 Yaşında,Villa Katı,"2,250,000","Başakşehir, Bahçeşehir 2. Kısım Mahallesi",30 Ağustos 2020
Villa,bahçeşehir 2.kısım boğazköy'de satılık villa...polat emlak'dan,5 + 2,360 m,15 Yaşında,2. Kat,"1,350,000","Başakşehir, Bahçeşehir 2. Kısım Mahallesi",25 Ağustos 2020
Villa,eşyalı lüx satılık villa,5 + 2,360 m,11 Yaşında,Villa Katı,"3,600,000","Başakşehir, Bahçeşehir 2. Kısım Mahallesi",5 Ekim 2020
Daire,bahceşehir manavgat bloklarda havuz manzaralı 3 odalı daire,3 + 1,220 m,20 Yaşında,Villa Katı,"1,575,000","Başakşehir, Bahçeşehir 1. Kısım Mahallesi",24 Ağustos 2020
Villa,polat emlak'dan...bahçeşehir 2.kısım boğazköy'de satılık villa,5 + 2,360 m,17 Yaşında,Villa Katı,"1,395,000","Başakşehir, Bahçeşehir 2. Kısım Mahallesi",29 Ağustos 2020
Villa,polat emlak'dan...bahçeşehir 2.kısım dublex 5+1 terasev,5 + 1,420 m,17 Yaşında,Villa Katı,"1,350,000","Başakşehir, Bahçeşehir 2. Kısım Mahallesi",1 Eylül 2020
Villa,polat emlak'dan...bahçeşehir 2.kısım boğazköy'de satılık villa,4 + 2,360 m,15 Yaşında,Villa Katı,"2,250,000","Başakşehir, Bahçeşehir 2. Kısım Mahallesi",30 Ağustos 2020
Daire,sahibinden - tual bahçekent - hayat park cephe-satılık 1+1 daire,1 + 1,77 m,Sıfır Bina,Villa Katı,"420,000","Başakşehir, Bahçeşehir 2. Kısım Mahallesi",8 Eylül 2020
Daire,bahcesehırde keyıflı bahçe katı 3+1 satılık daıre,3 + 1,234 m,11 Yaşında,Villa Katı,"800,000","Başakşehir, Bahçeşehir 1. Kısım Mahallesi",2 Eylül 2020
Villa,polat emlak'dan...bahçeşehir 2.kısım'da triplex 5+1 terasev,5 + 1,400 m,15 Yaşında,Villa Katı,"1,450,000","Başakşehir, Bahçeşehir 2. Kısım Mahallesi",3 Eylül 2020
Villa,bahçeşehir 2.kısım boğazköy'de satılık villa...polat emlak'dan,5 + 2,420 m,15 Yaşında,Giriş Katı,"2,150,000","Başakşehir, Bahçeşehir 2. Kısım Mahallesi",25 Ağustos 2020
Daire,bahçekent flora c 1 blok'da iki cepheli 155 m2 satılık 3+1 daire,3 + 1,155 m,3 Yaşında,6. Kat,"915,000","Başakşehir, Bahçeşehir 2. Kısım Mahallesi",23 Ağustos 2020
Daire,park mavera 3 2+1yemek odalı satılık lüks daire,2 + 1,135 m,1 Yaşında,9. Kat,"1,155,000","Başakşehir, Kayabaşı Mahallesi",16 Eylül 2020
Daire,bahçekent avrupark sitesi büyük adada vadi manzaralı 3+1 satılık,3 + 1,155 m,1 Yaşında,4. Kat,"850,000","Başakşehir, Bahçeşehir 2. Kısım Mahallesi",26 Eylül 2020
Daire,acill sahibinden fi-side 2+1 ara kat daire,2 + 1,120 m,Sıfır Bina,11. Kat,"425,000","Başakşehir, Bahçeşehir 2. Kısım Mahallesi",31 Ağustos 2020
Daire,butik bir sitede dublex,3 + 1,175 m,15 Yaşında,Yüksek Giriş,"800,000","Başakşehir, Bahçeşehir 2. Kısım Mahallesi",13 Eylül 2020
Daire,başakşehir 1.etap sitede 68m2 2+1 6.kat 420 000t acil satılık,2 + 1,68 m,10 Yaşında,6. Kat,"420,000","Başakşehir, Başakşehir Mahallesi",11 Ağustos 2020
Daire,evvel ist satılık 3+1 daire peyzaj man süper koınum 158 m2,3 + 1,158 m,5 Yaşında,6. Kat,"1,185,000","Başakşehir, Kayabaşı Mahallesi",11 Eylül 2020
Daire,park mavera 3 satılık 5+1 daire boş botanik ve peyzaj manzara,5 + 1,220 m,Sıfır Bina,9. Kat,"2,700,000","Başakşehir, Kayabaşı Mahallesi",23 Eylül 2020
Daire,kayabaşi 7. bolgede b blok ta,2 + 1,85 m,14 Yaşında,15. Kat,"525,000","Başakşehir, Kayabaşı Mahallesi",29 Ağustos 2020
Daire,bahceşehir spardon kullelerde 4+1 net 150 m2 satılık daire,4 + 1,170 m,5 Yaşında,Villa Katı,"1,000,000","Başakşehir, Bahçeşehir 2. Kısım Mahallesi",18 Ağustos 2020
Villa,polat emlak'dan...bahçeşehir 2.kısım boğazköy'de satılık villa,5 + 2,360 m,15 Yaşında,7. Kat,"1,375,000","Başakşehir, Bahçeşehir 2. Kısım Mahallesi",13 Eylül 2020
Daire,ayazma emlak konut 36 parsel'de 7. kat 165m2 3+1 satılık daire,3 + 1,165 m,1 Yaşında,2. Kat,"1,250,000","Başakşehir, Ziya Gökalp Mahallesi",10 Temmuz 2020
Daire,bahçeşehir loca 3+1 170 m2 panoramik manzaralı satılık daire,3 + 1,215 m,7 Yaşında,6. Kat,"1,500,000","Başakşehir, Bahçeşehir 2. Kısım Mahallesi",24 Ağustos 2020
Daire,"kayaşehir de satılık 2+1daire 85 m2 -455,000tl",2 + 1,85 m,9 Yaşında,12. Kat,"455,000","Başakşehir, Kayabaşı Mahallesi",30 Ağustos 2020
Villa,polat emlak'dan...bahçeşehir 2.kısım boğazköy'de satılık villa,5 + 2,360 m,15 Yaşında,Villa Katı,"2,000,000","Başakşehir, Bahçeşehir 2. Kısım Mahallesi",28 Ağustos 2020
Daire,"sahibinden, hisar sitesi, (3+1)",3 + 1,150 m,11 Yaşında,Yüksek Giriş,"1,050,000","Başakşehir, Başak Mahallesi",9 Temmuz 2020
Daire,"bahçeşehir havuzlu,manavgat da full tadilatlı 3+1 satılık daire",3 + 1,175 m,19 Yaşında,8. Kat,"1,420,000","Başakşehir, Bahçeşehir 2. Kısım Mahallesi",7 Ağustos 2020
Daire,bahçeşehir funda c tipi tadilatlı bakımlı 3+1 satılık daire,3 + 1,150 m,20 Yaşında,13. Kat,"790,000","Başakşehir, Bahçeşehir 2. Kısım Mahallesi",18 Ağustos 2020
Daire,başakşehir 5.etap metro yanı emirgan sitesi 2+1 satılık daire,2 + 1,90 m,16 Yaşında,7. Kat,"630,000","Başakşehir, Başak Mahallesi",15 Haziran 2020
Daire,bahçeşehir b tipi kısa katlı bloklarda 3+1 satılık daire,3 + 1,136 m,20 Yaşında,1. Kat,"850,000","Başakşehir, Bahçeşehir 1. Kısım Mahallesi",31 Ağustos 2020
Daire,başakşehir yeditepe sitesi 85m2,2 + 1,90 m,14 Yaşında,En Üst Kat,"528,000","Başakşehir, Başak Mahallesi",21 Ağustos 2020
Villa,country tarzı dekor.. havuz.. müstakil bahçeli.. lüx köşe villa,4 + 2,360 m,15 Yaşında,Villa Katı,"2,400,000","Başakşehir, Bahçeşehir 2. Kısım Mahallesi",17 Ağustos 2020
Villa,polat emlak'dan...bahçeşehir 2.kısım boğazköy'de satılık villa,5 + 2,360 m,15 Yaşında,1. Kat,"1,750,000","Başakşehir, Bahçeşehir 2. Kısım Mahallesi",30 Ağustos 2020
Daire,kayabaşı kiptaş konutlarında satılık 2+1 daire...,2 + 1,75 m,8 Yaşında,Villa Katı,"385,000","Başakşehir, Güvercintepe Mahallesi",31 Ağustos 2020
Villa,polat emlak'dan...bahçeşehir 2.kısım boğazköy'de satılık villa,5 + 1,380 m,15 Yaşında,Villa Katı,"4,000,000","Başakşehir, Bahçeşehir 2. Kısım Mahallesi",1 Eylül 2020
Villa,hiç oturulmamış değerli mülk,7 + 22,360 m,11 Yaşında,Villa Katı,"1,550,000","Başakşehir, Bahçeşehir 2. Kısım Mahallesi",21 Eylül 2020
Daire,evvel istanbul 3 cepheli 3+1,3 + 1,165 m,3 Yaşında,Yüksek Giriş,"1,375,000","Başakşehir, Kayabaşı Mahallesi",6 Ekim 2020
Daire,vaditepe sitesinde sahibinden satilik temiz ve bakimli 2+1,2 + 1,118 m,4 Yaşında,Villa Katı,"780,000","Başakşehir, Bahçeşehir 1. Kısım Mahallesi",26 Eylül 2020
Villa,başakşehir 4.etap müstakil bahçeli satılık villa,5 + 2,330 m,17 Yaşında,6. Kat,"3,750,000","Başakşehir, Başak Mahallesi",10 Ağustos 2020
Villa,polat emlak'dan...bahçeşehir 2.kısım boğazköy'de satılık villa,5 + 2,360 m,15 Yaşında,Villa Katı,"1,310,000","Başakşehir, Bahçeşehir 2. Kısım Mahallesi",26 Ağustos 2020
Daire,bahçeşehir mesa kirazlıbahçe havuzlu sitede 4+1 satılık daire,4 + 1,187 m,12 Yaşında,17. Kat,"1,250,000","Başakşehir, Bahçeşehir 1. Kısım Mahallesi",7 Ağustos 2020
Daire,bahçeşehir gül d tipi 2+1 satılık manzaralı daire,2 + 1,125 m,25 Yaşında,17. Kat,"850,000","Başakşehir, Bahçeşehir 2. Kısım Mahallesi",2 Ekim 2020
Daire,spradon vadi satılık 1+1 daire,1 + 1,72 m,1 Yaşında,11. Kat,"405,000","Başakşehir, Bahçeşehir 2. Kısım Mahallesi",24 Ağustos 2020
Daire,"bahçeşehir merkez caddeye cephe işyeri, konut 3+1 satılık daire",3 + 1,130 m,19 Yaşında,1. Kat,"975,000","Başakşehir, Bahçeşehir 1. Kısım Mahallesi",4 Ağustos 2020
Villa,"satılık bahçeşehir çınar villa a tipi 4+1, teraslı, 3 banyo",4 + 1,240 m,26 Yaşında,Villa Katı,"2,900,000","Başakşehir, Bahçeşehir 1. Kısım Mahallesi",13 Ağustos 2020
Daire,"bahçeşehir merkezi akasya da ikiz, kr tipi satılık villa..",3 + 2,290 m,20 Yaşında,1. Kat,"2,150,000","Başakşehir, Bahçeşehir 1. Kısım Mahallesi",10 Ağustos 2020
Daire,kayaşehir 11.bölge tadilatlı 2+1 daire,2 + 1,70 m,10 Yaşında,Villa Katı,"436,000","Başakşehir, Kayabaşı Mahallesi",16 Ağustos 2020
